Workbook

Sheet db_masterBarang
B1: id | C1: kode_barang | D1: kode_pending | E1: nama_barang | F1: panjang | G1: lebar | H1: tinggi | I1: hasil_dimensi | J1: exp_date | K1: lot | L1: keterangan
A2: =E2&J2&K2 -> Abacell 18 EC 10 X 1 ltr462040 | B2: ID1 | C2: KIU1 | D2: P1 | E2: Abacell 18 EC 10 X 1 ltr | F2: 10 | G2: 1 | H2: 1 | I2: 10 | J2: 46204 | K2: 0
A3: =E3&J3&K3 -> Abacell 18 EC 40 X 250 ml463570 | B3: ID2 | C3: KIU2 | D3: P2 | E3: Abacell 18 EC 40 X 250 ml | F3: 40 | G3: 1 | H3: 1 | I3: 40 | J3: 46357 | K3: 0
A4: =E4&J4&K4 -> Abacell 18 EC 50 X 100 ml460820 | B4: ID3 | C4: KIU3 | D4: P3 | E4: Abacell 18 EC 50 X 100 ml | F4: 50 | G4: 1 | H4: 1 | I4: 50 | J4: 46082 | K4: 0
A5: =E5&J5&K5 -> Abado 50 WP 20 X 20 X 10 gr467220 | B5: ID4 | C5: KIU4 | D5: P4 | E5: Abado 50 WP 20 X 20 X 10 gr | F5: 20 | G5: 20 | H5: 1 | I5: 400 | J5: 46722 | K5: 0
A6: =E6&J6&K6 -> Abado 50 WP 20 X 6 X 40 gr468440 | B6: ID5 | C6: KIU5 | D6: P5 | E6: Abado 50 WP 20 X 6 X 40 gr | F6: 20 | G6: 6 | H6: 1 | I6: 120 | J6: 46844 | K6: 0
A7: =E7&J7&K7 -> Abenz 22 EC 100 X 100 ml458090 | B7: ID6 | C7: KIU6 | D7: P6 | E7: Abenz 22 EC 100 X 100 ml | F7: 100 | G7: 1 | H7: 1 | I7: 100 | J7: 45809 | K7: 0
A8: =E8&J8&K8 -> Abenz 22 EC 100 X 100 ml469970 | B8: ID7 | C8: KIU7 | D8: P7 | E8: Abenz 22 EC 100 X 100 ml | F8: 100 | G8: 1 | H8: 1 | I8: 100 | J8: 46997 | K8: 0
A9: =E9&J9&K9 -> Abenz 22 EC 100 X 100 ml469350 | B9: ID8 | C9: KIU8 | D9: P8 | E9: Abenz 22 EC 100 X 100 ml | F9: 100 | G9: 1 | H9: 1 | I9: 100 | J9: 46935 | K9: 0
A10: =E10&J10&K10 -> Abenz 22 EC 40 X 250 ml468440 | B10: ID9 | C10: KIU9 | D10: P9 | E10: Abenz 22 EC 40 X 250 ml | F10: 40 | G10: 1 | H10: 1 | I10: 40 | J10: 46844 | K10: 0
A11: =E11&J11&K11 -> Abenz 22 EC 40 X 250 ml469970 | B11: ID10 | C11: KIU10 | D11: P10 | E11: Abenz 22 EC 40 X 250 ml | F11: 40 | G11: 1 | H11: 1 | I11: 40 | J11: 46997 | K11: 0
A12: =E12&J12&K12 -> Abojo 60 WP 10 X 20 X 50 gr471190 | B12: ID11 | C12: KIU11 | D12: P11 | E12: Abojo 60 WP 10 X 20 X 50 gr | F12: 10 | G12: 20 | H12: 1 | I12: 200 | J12: 47119 | K12: 0
A13: =E13&J13&K13 -> Abojo 60 WP 100 X 100 gr469660 | B13: ID12 | C13: KIU12 | D13: P12 | E13: Abojo 60 WP 100 X 100 gr | F13: 100 | G13: 1 | H13: 1 | I13: 100 | J13: 46966 | K13: 0
... A16: =E16&J16&K16 -> Accora 100 EC 20 X 500 ml460540 | B16: ID15 | C16: KIU15 | D16: P15 | E16: Accora 100 EC 20 X 500 ml | F16: 20 | G16: 1 | H16: 1 | I16: 20 | J16: 46054 | K16: 0
A17: =E17&J17&K17 -> Accu Kayaba Kering 12A - 12 Volt1/1/10000 | B17: ID16 | C17: KIU16 | D17: P16 | E17: Accu Kayaba Kering 12A - 12 Volt | F17: 1 | G17: 1 | H17: 1 | I17: 1 | J17: 1/1/1000 | K17: 0
A18: =E18&J18&K18 -> Accu Sprayer Elektrik 5L 12V 1.3A1/1/10000 | B18: ID17 | C18: KIU17 | D18: P17 | E18: Accu Sprayer Elektrik 5L 12V 1.3A | F18: 1 | G18: 1 | H18: 1 | I18: 1 | J18: 1/1/1000 | K18: 0
A19: =E19&J19&K19 -> Ace One 75 SP 25 X 400 gr470580 | B19: ID18 | C19: KIU18 | D19: P18 | E19: Ace One 75 SP 25 X 400 gr | F19: 25 | G19: 1 | H19: 1 | I19: 25 | J19: 47058 | K19: 0
A20: =E20&J20&K20 -> Ace One 75 SP 25 X 400 gr471500 | B20: ID19 | C20: KIU19 | D20: P19 | E20: Ace One 75 SP 25 X 400 gr | F20: 25 | G20: 1 | H20: 1 | I20: 25 | J20: 47150 | K20: 0
A21: =E21&J21&K21 -> Ace One 75 SP 50 X 100 gr469660 | B21: ID20 | C21: KIU20 | D21: P20 | E21: Ace One 75 SP 50 X 100 gr | F21: 50 | G21: 1 | H21: 1 | I21: 50 | J21: 46966 | K21: 0
A22: =E22&J22&K22 -> Ace One 75 SP 50 X 100 gr470580 | B22: ID21 | C22: KIU21 | D22: P21 | E22: Ace One 75 SP 50 X 100 gr | F22: 50 | G22: 1 | H22: 1 | I22: 50 | J22: 47058 | K22: 0
A23: =E23&J23&K23 -> Achlor 4/36 WP 60 X 100 gr464780 | B23: ID22 | C23: KIU22 | D23: P22 | E23: Achlor 4/36 WP 60 X 100 gr | F23: 60 | G23: 1 | H23: 1 | I23: 60 | J23: 46478 | K23: 0
A24: =E24&J24&K24 -> ACL 6 865 SL 25 X 400 ml466310 | B24: ID23 | C24: KIU23 | D24: P23 | E24: ACL 6 865 SL 25 X 400 ml | F24: 25 | G24: 1 | H24: 1 | I24: 25 | J24: 46631 | K24: 0
A25: =E25&J25&K25 -> ACL 6 865 SL 50 X 200 ml466000 | B25: ID24 | C25: KIU24 | D25: P24 | E25: ACL 6 865 SL 50 X 200 ml | F25: 50 | G25: 1 | H25: 1 | I25: 50 | J25: 46600 | K25: 0
A26: =E26&J26&K26 -> Acrobat WP 20 X 6 X 40 gr461130 | B26: ID25 | C26: KIU25 | D26: P25 | E26: Acrobat WP 20 X 6 X 40 gr | F26: 20 | G26: 6 | H26: 1 | I26: 120 | J26: 46113 | K26: 0
A27: =E27&J27&K27 -> Adrift 125 EC 40 X 250 ml455970 | B27: ID26 | C27: KIU26 | D27: P26 | E27: Adrift 125 EC 40 X 250 ml | F27: 40 | G27: 1 | H27: 1 | I27: 40 | J27: 45597 | K27: 0
A28: =E28&J28&K28 -> Adrift 125 EC 50 X 100 ml455970 | B28: ID27 | C28: KIU27 | D28: P27 | E28: Adrift 125 EC 50 X 100 ml | F28: 50 | G28: 1 | H28: 1 | I28: 50 | J28: 45597 | K28: 0
A29: =E29&J29&K29 -> Afonil 50 SC 100 X 100 ml456890 | B29: ID28 | C29: KIU28 | D29: P28 | E29: Afonil 50 SC 100 X 100 ml | F29: 100 | G29: 1 | H29: 1 | I29: 100 | J29: 45689 | K29: 0
A30: =E30&J30&K30 -> Afonil 50 SC 100 X 50 ml457170 | B30: ID29 | C30: KIU29 | D30: P29 | E30: Afonil 50 SC 100 X 50 ml | F30: 100 | G30: 1 | H30: 1 | I30: 100 | J30: 45717 | K30: 0
... A60: =E60&J60&K60 -> Akrostar 40 WP 60 X 40 gr461740 | B60: ID59 | C60: KIU59 | D60: P59 | E60: Akrostar 40 WP 60 X 40 gr | F60: 60 | G60: 1 | H60: 1 | I60: 60 | J60: 46174 | K60: 0
A61: =E61&J61&K61 -> Alat Kocor Pupuk Cair Jitu 20 Ltr1/1/10000 | B61: ID60 | C61: KIU60 | D61: P60 | E61: Alat Kocor Pupuk Cair Jitu 20 Ltr | F61: 1 | G61: 1 | H61: 1 | I61: 1 | J61: 1/1/1000 | K61: 0
A62: =E62&J62&K62 -> Alat Kocor Pupuk Cair Quda Karisma1/1/10000 | B62: ID61 | C62: KIU61 | D62: P61 | E62: Alat Kocor Pupuk Cair Quda Karisma | F62: 1 | G62: 1 | H62: 1 | I62: 1 | J62: 1/1/1000 | K62: 0
A63: =E63&J63&K63 -> Alat Kocor Pupuk Padat Quda Karisma1/1/10000 | B63: ID62 | C63: KIU62 | D63: P62 | E63: Alat Kocor Pupuk Padat Quda Karisma | F63: 1 | G63: 1 | H63: 1 | I63: 1 | J63: 1/1/1000 | K63: 0
A64: =E64&J64&K64 -> Alat Kocor Pupuk Padat Satagro 25 ltr1/1/10000 | B64: ID63 | C64: KIU63 | D64: P63 | E64: Alat Kocor Pupuk Padat Satagro 25 ltr | F64: 1 | G64: 1 | H64: 1 | I64: 1 | J64: 1/1/1000 | K64: 0
A65: =E65&J65&K65 -> Alat Pengikat Tanaman Yoto1/1/10000 | B65: ID64 | C65: KIU64 | D65: P64 | E65: Alat Pengikat Tanaman Yoto | F65: 1 | G65: 1 | H65: 1 | I65: 1 | J65: 1/1/1000 | K65: 0
A66: =E66&J66&K66 -> Alat Service YT 5L / 7L1/1/10000 | B66: ID65 | C66: KIU65 | D66: P65 | E66: Alat Service YT 5L / 7L | F66: 1 | G66: 1 | H66: 1 | I66: 1 | J66: 1/1/1000 | K66: 0
A67: =E67&J67&K67 -> Alat Tanam Jagung 1 Output Satagro MTB-006 6 X 1 pcs1/1/10000 | B67: ID66 | C67: KIU66 | D67: P66 | E67: Alat Tanam Jagung 1 Output Satagro MTB-006 6 X 1 pcs | F67: 6 | G67: 1 | H67: 1 | I67: 6 | J67: 1/1/1000 | K67: 0
A68: =E68&J68&K68 -> Alat Tanam Roll MTB-008 SS1/1/10000 | B68: ID67 | C68: KIU67 | D68: P67 | E68: Alat Tanam Roll MTB-008 SS | F68: 1 | G68: 1 | H68: 1 | I68: 1 | J68: 1/1/1000 | K68: 0
A69: =E69&J69&K69 -> Alat Tanam Roll MTB-010 SS1/1/10000 | B69: ID68 | C69: KIU68 | D69: P68 | E69: Alat Tanam Roll MTB-010 SS | F69: 1 | G69: 1 | H69: 1 | I69: 1 | J69: 1/1/1000 | K69: 0
A70: =E70&J70&K70 -> Alfatox 50 EC 20 X 400 ml (AGM)470880 | B70: ID69 | C70: KIU69 | D70: P69 | E70: Alfatox 50 EC 20 X 400 ml (AGM) | F70: 20 | G70: 1 | H70: 1 | I70: 20 | J70: 47088 | K70: 0
A71: =E71&J71&K71 -> Alfatox 50 EC 20 X 400 ml (AGM)471780 | B71: ID70 | C71: KIU70 | D71: P70 | E71: Alfatox 50 EC 20 X 400 ml (AGM) | F71: 20 | G71: 1 | H71: 1 | I71: 20 | J71: 47178 | K71: 0
A72: =E72&J72&K72 -> Alfatox 50 EC 40 X 200 ml (AGM)469050 | B72: ID71 | C72: KIU71 | D72: P71 | E72: Alfatox 50 EC 40 X 200 ml (AGM) | F72: 40 | G72: 1 | H72: 1 | I72: 40 | J72: 46905 | K72: 0
A73: =E73&J73&K73 -> Alfatox 50 EC 40 X 200 ml (AGM)470880 | B73: ID72 | C73: KIU72 | D73: P72 | E73: Alfatox 50 EC 40 X 200 ml (AGM) | F73: 40 | G73: 1 | H73: 1 | I73: 40 | J73: 47088 | K73: 0
A74: =E74&J74&K74 -> Alfatox 50 EC 50 X 80 ml (AGM)471780 | B74: ID73 | C74: KIU73 | D74: P73 | E74: Alfatox 50 EC 50 X 80 ml (AGM) | F74: 50 | G74: 1 | H74: 1 | I74: 50 | J74: 47178 | K74: 0
A75: =E75&J75&K75 -> Alika 247 ZC 100 X 50 ml458390 | B75: ID74 | C75: KIU74 | D75: P74 | E75: Alika 247 ZC 100 X 50 ml | F75: 100 | G75: 1 | H75: 1 | I75: 100 | J75: 45839 | K75: 0
A76: =E76&J76&K76 -> Alika 247 ZC 40 X 250 ml458390 | B76: ID75 | C76: KIU75 | D76: P75 | E76: Alika 247 ZC 40 X 250 ml | F76: 40 | G76: 1 | H76: 1 | I76: 40 | J76: 45839 | K76: 0
A77: =E77&J77&K77 -> Alika 247 ZC 40 X 250 ml458090 | B77: ID76 | C77: KIU76 | D77: P76 | E77: Alika 247 ZC 40 X 250 ml | F77: 40 | G77: 1 | H77: 1 | I77: 40 | J77: 45809 | K77: 0
A78: =E78&J78&K78 -> Alika 247 ZC 50 X 100 ml458090 | B78: ID77 | C78: KIU77 | D78: P77 | E78: Alika 247 ZC 50 X 100 ml | F78: 50 | G78: 1 | H78: 1 | I78: 50 | J78: 45809 | K78: 0
A79: =E79&J79&K79 -> Alika 247 ZC 50 X 100 ml458390 | B79: ID78 | C79: KIU78 | D79: P78 | E79: Alika 247 ZC 50 X 100 ml | F79: 50 | G79: 1 | H79: 1 | I79: 50 | J79: 45839 | K79: 0
A80: =E80&J80&K80 -> Amabas 500 EC 16 X 1 ltr471500 | B80: ID79 | C80: KIU79 | D80: P79 | E80: Amabas 500 EC 16 X 1 ltr | F80: 16 | G80: 1 | H80: 1 | I80: 16 | J80: 47150 | K80: 0
A81: =E81&J81&K81 -> Amabas 500 EC 16 X 1 ltr471780 | B81: ID80 | C81: KIU80 | D81: P80 | E81: Amabas 500 EC 16 X 1 ltr | F81: 16 | G81: 1 | H81: 1 | I81: 16 | J81: 47178 | K81: 0
... A102: =E102&J102&K102 -> Amiboost Vegetative 20 X 500 ml458700 | B102: ID101 | C102: KIU101 | D102: P101 | E102: Amiboost Vegetative 20 X 500 ml | F102: 20 | G102: 1 | H102: 1 | I102: 20 | J102: 45870 | K102: 0
A103: =E103&J103&K103 -> Amichlor 400 EC 100 ml1/1/10000 | B103: ID102 | C103: KIU102 | D103: P102 | E103: Amichlor 400 EC 100 ml | F103: 1 | G103: 1 | H103: 1 | I103: 1 | J103: 1/1/1000 | K103: 0
A104: =E104&J104&K104 -> Aminosong 20 X 500 ml (AGM)471500 | B104: ID103 | C104: KIU103 | D104: P103 | E104: Aminosong 20 X 500 ml (AGM) | F104: 20 | G104: 1 | H104: 1 | I104: 20 | J104: 47150 | K104: 0
A105: =E105&J105&K105 -> Aminosong Mango 500 ml (AGM) (Sample)471500 | B105: ID104 | C105: KIU104 | D105: P104 | E105: Aminosong Mango 500 ml (AGM) (Sample) | F105: 1 | G105: 1 | H105: 1 | I105: 1 | J105: 47150 | K105: 0
A106: =E106&J106&K106 -> Amistartop 325 SC 100 X 50 ml461130 | B106: ID105 | C106: KIU105 | D106: P105 | E106: Amistartop 325 SC 100 X 50 ml | F106: 100 | G106: 1 | H106: 1 | I106: 100 | J106: 46113 | K106: 0
A107: =E107&J107&K107 -> Amistartop 325 SC 100 X 50 ml462660 | B107: ID106 | C107: KIU106 | D107: P106 | E107: Amistartop 325 SC 100 X 50 ml | F107: 100 | G107: 1 | H107: 1 | I107: 100 | J107: 46266 | K107: 0
A108: =E108&J108&K108 -> Amistartop 325 SC 20 X 250 ml461740 | B108: ID107 | C108: KIU107 | D108: P107 | E108: Amistartop 325 SC 20 X 250 ml | F108: 20 | G108: 1 | H108: 1 | I108: 20 | J108: 46174 | K108: 0
A109: =E109&J109&K109 -> Amistartop 325 SC 20 X 250 ml462660 | B109: ID108 | C109: KIU108 | D109: P108 | E109: Amistartop 325 SC 20 X 250 ml | F109: 20 | G109: 1 | H109: 1 | I109: 20 | J109: 46266 | K109: 0
A110: =E110&J110&K110 -> Amistartop 325 SC 50 X 100 ml462660 | B110: ID109 | C110: KIU109 | D110: P109 | E110: Amistartop 325 SC 50 X 100 ml | F110: 50 | G110: 1 | H110: 1 | I110: 50 | J110: 46266 | K110: 0
A111: =E111&J111&K111 -> Amolin 300 EC 100 X 100 ml461130 | B111: ID110 | C111: KIU110 | D111: P110 | E111: Amolin 300 EC 100 X 100 ml | F111: 100 | G111: 1 | H111: 1 | I111: 100 | J111: 46113 | K111: 0
A112: =E112&J112&K112 -> Amolin 300 EC 100 X 100 ml462960 | B112: ID111 | C112: KIU111 | D112: P111 | E112: Amolin 300 EC 100 X 100 ml | F112: 100 | G112: 1 | H112: 1 | I112: 100 | J112: 46296 | K112: 0
A113: =E113&J113&K113 -> Amolin 300 EC 100 X 100 ml467530 | B113: ID112 | C113: KIU112 | D113: P112 | E113: Amolin 300 EC 100 X 100 ml | F113: 100 | G113: 1 | H113: 1 | I113: 100 | J113: 46753 | K113: 0
A114: =E114&J114&K114 -> Amolin 300 EC 100 X 100 ml470270 | B114: ID113 | C114: KIU113 | D114: P113 | E114: Amolin 300 EC 100 X 100 ml | F114: 100 | G114: 1 | H114: 1 | I114: 100 | J114: 47027 | K114: 0
A115: =E115&J115&K115 -> Amolin 300 EC 100 X 100 ml462350 | B115: ID114 | C115: KIU114 | D115: P114 | E115: Amolin 300 EC 100 X 100 ml | F115: 100 | G115: 1 | H115: 1 | I115: 100 | J115: 46235 | K115: 0
... A147: =E147&J147&K147 -> Apropo 200 SE 100 X 60 ml457480 | B147: ID146 | C147: KIU146 | D147: P146 | E147: Apropo 200 SE 100 X 60 ml | F147: 100 | G147: 1 | H147: 1 | I147: 100 | J147: 45748 | K147: 0
A148: =E148&J148&K148 -> Apropo 200 SE 40 X 250 ml1/1/10000 | B148: ID147 | C148: KIU147 | D148: P147 | E148: Apropo 200 SE 40 X 250 ml | F148: 40 | G148: 1 | H148: 1 | I148: 40 | J148: 1/1/1000 | K148: 0
A149: =E149&J149&K149 -> Arendi 20/10 WP 20 X 20 X 25 gr471500 | B149: ID148 | C149: KIU148 | D149: P148 | E149: Arendi 20/10 WP 20 X 20 X 25 gr | F149: 20 | G149: 20 | H149: 1 | I149: 400 | J149: 47150 | K149: 0
A150: =E150&J150&K150 -> Arendi 20/10 WP 20 X 20 X 25 gr468130 | B150: ID149 | C150: KIU149 | D150: P149 | E150: Arendi 20/10 WP 20 X 20 X 25 gr | F150: 20 | G150: 20 | H150: 1 | I150: 400 | J150: 46813 | K150: 0
A151: =E151&J151&K151 -> Arizona 55 EC 50 X 80 ml459310 | B151: ID150 | C151: KIU150 | D151: P150 | E151: Arizona 55 EC 50 X 80 ml | F151: 50 | G151: 1 | H151: 1 | I151: 50 | J151: 45931 | K151: 0
A152: =E152&J152&K152 -> Arizona 55 EC 80 ml (Sample)1/1/10000 | B152: ID151 | C152: KIU151 | D152: P151 | E152: Arizona 55 EC 80 ml (Sample) | F152: 1 | G152: 1 | H152: 1 | I152: 1 | J152: 1/1/1000 | K152: 0
A153: =E153&J153&K153 -> Arma 48/4 WP 20 X 500 gr458390 | B153: ID152 | C153: KIU152 | D153: P152 | E153: Arma 48/4 WP 20 X 500 gr | F153: 20 | G153: 1 | H153: 1 | I153: 20 | J153: 45839 | K153: 0
A154: =E154&J154&K154 -> Arma 52 WP 20 X 500 gr (Sample)458390 | B154: ID153 | C154: KIU153 | D154: P153 | E154: Arma 52 WP 20 X 500 gr (Sample) | F154: 20 | G154: 1 | H154: 1 | I154: 20 | J154: 45839 | K154: 0
A155: =E155&J155&K155 -> Armeira 30 WG 10 X 20 X 50 gr458090 | B155: ID154 | C155: KIU154 | D155: P154 | E155: Armeira 30 WG 10 X 20 X 50 gr | F155: 10 | G155: 20 | H155: 1 | I155: 200 | J155: 45809 | K155: 0
A156: =E156&J156&K156 -> Armeira 30 WG 10 X 20 X 50 gr459310 | B156: ID155 | C156: KIU155 | D156: P155 | E156: Armeira 30 WG 10 X 20 X 50 gr | F156: 10 | G156: 20 | H156: 1 | I156: 200 | J156: 45931 | K156: 0
A157: =E157&J157&K157 -> Asetop 30 EC 20 X 500 ml458700 | B157: ID156 | C157: KIU156 | D157: P156 | E157: Asetop 30 EC 20 X 500 ml | F157: 20 | G157: 1 | H157: 1 | I157: 20 | J157: 45870 | K157: 0
A158: =E158&J158&K158 -> Asetop 30 EC 20 X 500 ml463570 | B158: ID157 | C158: KIU157 | D158: P157 | E158: Asetop 30 EC 20 X 500 ml | F158: 20 | G158: 1 | H158: 1 | I158: 20 | J158: 46357 | K158: 0
A159: =E159&J159&K159 -> Asetop 30 EC 40 X 100 ml458700 | B159: ID158 | C159: KIU158 | D159: P158 | E159: Asetop 30 EC 40 X 100 ml | F159: 40 | G159: 1 | H159: 1 | I159: 40 | J159: 45870 | K159: 0
A160: =E160&J160&K160 -> Asetor 250 EC 40 X 250 ml459310 | B160: ID159 | C160: KIU159 | D160: P159 | E160: Asetor 250 EC 40 X 250 ml | F160: 40 | G160: 1 | H160: 1 | I160: 40 | J160: 45931 | K160: 0
A161: =E161&J161&K161 -> Asetor 250 EC 40 X 250 ml460820 | B161: ID160 | C161: KIU160 | D161: P160 | E161: Asetor 250 EC 40 X 250 ml | F161: 40 | G161: 1 | H161: 1 | I161: 40 | J161: 46082 | K161: 0
A162: =E162&J162&K162 -> Asetor 250 EC 40 X 250 ml471780 | B162: ID161 | C162: KIU161 | D162: P161 | E162: Asetor 250 EC 40 X 250 ml | F162: 40 | G162: 1 | H162: 1 | I162: 40 | J162: 47178 | K162: 0
A163: =E163&J163&K163 -> Asia Top 288 SL 20 ltr471190 | B163: ID162 | C163: KIU162 | D163: P162 | E163: Asia Top 288 SL 20 ltr | F163: 1 | G163: 1 | H163: 1 | I163: 1 | J163: 47119 | K163: 0
A164: =E164&J164&K164 -> Asia Top 288 SL 20 ltr472700 | B164: ID163 | C164: KIU163 | D164: P163 | E164: Asia Top 288 SL 20 ltr | F164: 1 | G164: 1 | H164: 1 | I164: 1 | J164: 47270 | K164: 0
... A193: =E193&J193&K193 -> Aztro 80 WP 10 X 10 X 50 gr456580 | B193: ID192 | C193: KIU192 | D193: P192 | E193: Aztro 80 WP 10 X 10 X 50 gr | F193: 10 | G193: 10 | H193: 1 | I193: 100 | J193: 45658 | K193: 0
A194: =E194&J194&K194 -> Baalpoint Kompas1/1/10000 | B194: ID193 | C194: KIU193 | D194: P193 | E194: Baalpoint Kompas | F194: 1 | G194: 1 | H194: 1 | I194: 1 | J194: 1/1/1000 | K194: 0
A195: =E195&J195&K195 -> Bactocyn 150 AL 100 X 100 ml474530 | B195: ID194 | C195: KIU194 | D195: P194 | E195: Bactocyn 150 AL 100 X 100 ml | F195: 100 | G195: 1 | H195: 1 | I195: 100 | J195: 47453 | K195: 0
A196: =E196&J196&K196 -> Bag Jagung Q235 - 1 kg1/1/10000 | B196: ID195 | C196: KIU195 | D196: P195 | E196: Bag Jagung Q235 - 1 kg | F196: 1 | G196: 1 | H196: 1 | I196: 1 | J196: 1/1/1000 | K196: 0
A197: =E197&J197&K197 -> Bag NPK Novatec 5 Kg1/1/10000 | B197: ID196 | C197: KIU196 | D197: P196 | E197: Bag NPK Novatec 5 Kg | F197: 1 | G197: 1 | H197: 1 | I197: 1 | J197: 1/1/1000 | K197: 0
A198: =E198&J198&K198 -> Baju Batik1/1/10000 | B198: ID197 | C198: KIU197 | D198: P197 | E198: Baju Batik | F198: 1 | G198: 1 | H198: 1 | I198: 1 | J198: 1/1/1000 | K198: 0
A199: =E199&J199&K199 -> Baju Koko1/1/10000 | B199: ID198 | C199: KIU198 | D199: P198 | E199: Baju Koko | F199: 1 | G199: 1 | H199: 1 | I199: 1 | J199: 1/1/1000 | K199: 0
A200: =E200&J200&K200 -> Baledo 250/50 SC 40 X 100 ml458700 | B200: ID199 | C200: KIU199 | D200: P199 | E200: Baledo 250/50 SC 40 X 100 ml | F200: 40 | G200: 1 | H200: 1 | I200: 40 | J200: 45870 | K200: 0
A201: =E201&J201&K201 -> Baledo 250/50 SC 40 X 250 ml470880 | B201: ID200 | C201: KIU200 | D201: P200 | E201: Baledo 250/50 SC 40 X 250 ml | F201: 40 | G201: 1 | H201: 1 | I201: 40 | J201: 47088 | K201: 0
A202: =E202&J202&K202 -> Bamex 18 EC 100 X 50 ml (M2U)462040 | B202: ID201 | C202: KIU201 | D202: P201 | E202: Bamex 18 EC 100 X 50 ml (M2U) | F202: 100 | G202: 1 | H202: 1 | I202: 100 | J202: 46204 | K202: 0
A203: =E203&J203&K203 -> Bamex 18 EC 100 X 50 ml (M2U)462660 | B203: ID202 | C203: KIU202 | D203: P202 | E203: Bamex 18 EC 100 X 50 ml (M2U) | F203: 100 | G203: 1 | H203: 1 | I203: 100 | J203: 46266 | K203: 0
A204: =E204&J204&K204 -> Bamex 18 EC 100 X 50 ml (M2U)464190 | B204: ID203 | C204: KIU203 | D204: P203 | E204: Bamex 18 EC 100 X 50 ml (M2U) | F204: 100 | G204: 1 | H204: 1 | I204: 100 | J204: 46419 | K204: 0
A205: =E205&J205&K205 -> Bamex 18 EC 20 X 200 ml (M2U)464190 | B205: ID204 | C205: KIU204 | D205: P204 | E205: Bamex 18 EC 20 X 200 ml (M2U) | F205: 20 | G205: 1 | H205: 1 | I205: 20 | J205: 46419 | K205: 0
A206: =E206&J206&K206 -> Bamex 18 EC 20 X 200 ml (M2U)465080 | B206: ID205 | C206: KIU205 | D206: P205 | E206: Bamex 18 EC 20 X 200 ml (M2U) | F206: 20 | G206: 1 | H206: 1 | I206: 20 | J206: 46508 | K206: 0
A207: =E207&J207&K207 -> Bamex 18 EC 50 X 100 ml (M2U)462040 | B207: ID206 | C207: KIU206 | D207: P206 | E207: Bamex 18 EC 50 X 100 ml (M2U) | F207: 50 | G207: 1 | H207: 1 | I207: 50 | J207: 46204 | K207: 0
A208: =E208&J208&K208 -> Bamex 18 EC 50 X 100 ml (M2U)461430 | B208: ID207 | C208: KIU207 | D208: P207 | E208: Bamex 18 EC 50 X 100 ml (M2U) | F208: 50 | G208: 1 | H208: 1 | I208: 50 | J208: 46143 | K208: 0
A209: =E209&J209&K209 -> Bamex 18 EC 50 X 100 ml (M2U)463570 | B209: ID208 | C209: KIU208 | D209: P208 | E209: Bamex 18 EC 50 X 100 ml (M2U) | F209: 50 | G209: 1 | H209: 1 | I209: 50 | J209: 46357 | K209: 0
A210: =E210&J210&K210 -> Bamex 18 EC 50 X 100 ml (M2U)462350 | B210: ID209 | C210: KIU209 | D210: P209 | E210: Bamex 18 EC 50 X 100 ml (M2U) | F210: 50 | G210: 1 | H210: 1 | I210: 50 | J210: 46235 | K210: 0
...

Sheet db_barangZahir
B1: id | C1: kode_pending | D1: kode_barang | E1: nama_barang | F1: panjang | G1: lebar | H1: tinggi | I1: hasil_dimensi | J1: qty | K1: stok_box | L1: stok_pcs | M1: qty | N1: exp_date | O1: lot
A2: =E2&N2&O2 -> Abacell 18 EC 10 X 1 ltr462040 | B2: ID1 | C2: P1 | D2: KIU1 | E2: Abacell 18 EC 10 X 1 ltr | F2: 10 | G2: 1 | H2: 1 | I2: 10 | J2: 250 | K2: =ROUNDDOWN(J2/I2,0) -> 25 | L2: =J2-K2*I2 -> 0 | M2: 250 | N2: 46204 | O2: 0
A3: =E3&N3&O3 -> Abacell 18 EC 40 X 250 ml463570 | B3: ID2 | C3: P2 | D3: KIU2 | E3: Abacell 18 EC 40 X 250 ml | F3: 40 | G3: 1 | H3: 1 | I3: 40 | J3: 721 | K3: =ROUNDDOWN(J3/I3,0) -> 18 | L3: =J3-K3*I3 -> 1 | M3: 721 | N3: 46357 | O3: 0
A4: =E4&N4&O4 -> Abacell 18 EC 50 X 100 ml460820 | B4: ID3 | C4: P3 | D4: KIU3 | E4: Abacell 18 EC 50 X 100 ml | F4: 50 | G4: 1 | H4: 1 | I4: 50 | J4: 8185 | K4: =ROUNDDOWN(J4/I4,0) -> 163 | L4: =J4-K4*I4 -> 35 | M4: 8185 | N4: 46082 | O4: 0
A5: =E5&N5&O5 -> Abado 50 WP 20 X 20 X 10 gr467220 | B5: ID4 | C5: P4 | D5: KIU4 | E5: Abado 50 WP 20 X 20 X 10 gr | F5: 20 | G5: 20 | H5: 1 | I5: 400 | J5: 11563 | K5: =ROUNDDOWN(J5/I5,0) -> 28 | L5: =J5-K5*I5 -> 363 | M5: 11563 | N5: 46722 | O5: 0
A6: =E6&N6&O6 -> Abado 50 WP 20 X 6 X 40 gr468440 | B6: ID5 | C6: P5 | D6: KIU5 | E6: Abado 50 WP 20 X 6 X 40 gr | F6: 20 | G6: 6 | H6: 1 | I6: 120 | J6: 3372 | K6: =ROUNDDOWN(J6/I6,0) -> 28 | L6: =J6-K6*I6 -> 12 | M6: 3372 | N6: 46844 | O6: 0
A7: =E7&N7&O7 -> Abenz 22 EC 100 X 100 ml458090 | B7: ID6 | C7: P6 | D7: KIU6 | E7: Abenz 22 EC 100 X 100 ml | F7: 100 | G7: 1 | H7: 1 | I7: 100 | J7: 37 | K7: =ROUNDDOWN(J7/I7,0) -> 0 | L7: =J7-K7*I7 -> 37 | M7: 37 | N7: 45809 | O7: 0
A8: =E8&N8&O8 -> Abenz 22 EC 100 X 100 ml469970 | B8: ID7 | C8: P7 | D8: KIU7 | E8: Abenz 22 EC 100 X 100 ml | F8: 100 | G8: 1 | H8: 1 | I8: 100 | J8: 600 | K8: =ROUNDDOWN(J8/I8,0) -> 6 | L8: =J8-K8*I8 -> 0 | M8: 600 | N8: 46997 | O8: 0
A9: =E9&N9&O9 -> Abenz 22 EC 100 X 100 ml469350 | B9: ID8 | C9: P8 | D9: KIU8 | E9: Abenz 22 EC 100 X 100 ml | F9: 100 | G9: 1 | H9: 1 | I9: 100 | J9: 6450 | K9: =ROUNDDOWN(J9/I9,0) -> 64 | L9: =J9-K9*I9 -> 50 | M9: 6450 | N9: 46935 | O9: 0
A10: =E10&N10&O10 -> Abenz 22 EC 40 X 250 ml468440 | B10: ID9 | C10: P9 | D10: KIU9 | E10: Abenz 22 EC 40 X 250 ml | F10: 40 | G10: 1 | H10: 1 | I10: 40 | J10: 8 | K10: =ROUNDDOWN(J10/I10,0) -> 0 | L10: =J10-K10*I10 -> 8 | M10: 8 | N10: 46844 | O10: 0
A11: =E11&N11&O11 -> Abenz 22 EC 40 X 250 ml469970 | B11: ID10 | C11: P10 | D11: KIU10 | E11: Abenz 22 EC 40 X 250 ml | F11: 40 | G11: 1 | H11: 1 | I11: 40 | J11: 2000 | K11: =ROUNDDOWN(J11/I11,0) -> 50 | L11: =J11-K11*I11 -> 0 | M11: 2000 | N11: 46997 | O11: 0
A12: =E12&N12&O12 -> Abojo 60 WP 10 X 20 X 50 gr471190 | B12: ID11 | C12: P11 | D12: KIU11 | E12: Abojo 60 WP 10 X 20 X 50 gr | F12: 10 | G12: 20 | H12: 1 | I12: 200 | J12: 3488 | K12: =ROUNDDOWN(J12/I12,0) -> 17 | L12: =J12-K12*I12 -> 88 | M12: 3488 | N12: 47119 | O12: 0
A13: =E13&N13&O13 -> Abojo 60 WP 100 X 100 gr469660 | B13: ID12 | C13: P12 | D13: KIU12 | E13: Abojo 60 WP 100 X 100 gr | F13: 100 | G13: 1 | H13: 1 | I13: 100 | J13: 2594 | K13: =ROUNDDOWN(J13/I13,0) -> 25 | L13: =J13-K13*I13 -> 94 | M13: 2594 | N13: 46966 | O13: 0
... A16: =E16&N16&O16 -> Accora 100 EC 20 X 500 ml460540 | B16: ID15 | C16: P15 | D16: KIU15 | E16: Accora 100 EC 20 X 500 ml | F16: 20 | G16: 1 | H16: 1 | I16: 20 | J16: 115 | K16: =ROUNDDOWN(J16/I16,0) -> 5 | L16: =J16-K16*I16 -> 15 | M16: 115 | N16: 46054 | O16: 0
A17: =E17&N17&O17 -> Accu Kayaba Kering 12A - 12 Volt1/1/10000 | B17: ID16 | C17: P16 | D17: KIU16 | E17: Accu Kayaba Kering 12A - 12 Volt | F17: 1 | G17: 1 | H17: 1 | I17: 1 | J17: 1 | K17: =ROUNDDOWN(J17/I17,0) -> 1 | L17: =J17-K17*I17 -> 0 | M17: 1 | N17: 1/1/1000 | O17: 0
A18: =E18&N18&O18 -> Accu Sprayer Elektrik 5L 12V 1.3A1/1/10000 | B18: ID17 | C18: P17 | D18: KIU17 | E18: Accu Sprayer Elektrik 5L 12V 1.3A | F18: 1 | G18: 1 | H18: 1 | I18: 1 | J18: 85 | K18: =ROUNDDOWN(J18/I18,0) -> 85 | L18: =J18-K18*I18 -> 0 | M18: 85 | N18: 1/1/1000 | O18: 0
A19: =E19&N19&O19 -> Ace One 75 SP 25 X 400 gr470580 | B19: ID18 | C19: P18 | D19: KIU18 | E19: Ace One 75 SP 25 X 400 gr | F19: 25 | G19: 1 | H19: 1 | I19: 25 | J19: 1048 | K19: =ROUNDDOWN(J19/I19,0) -> 41 | L19: =J19-K19*I19 -> 23 | M19: 1048 | N19: 47058 | O19: 0
A20: =E20&N20&O20 -> Ace One 75 SP 25 X 400 gr471500 | B20: ID19 | C20: P19 | D20: KIU19 | E20: Ace One 75 SP 25 X 400 gr | F20: 25 | G20: 1 | H20: 1 | I20: 25 | J20: 1925 | K20: =ROUNDDOWN(J20/I20,0) -> 77 | L20: =J20-K20*I20 -> 0 | M20: 1925 | N20: 47150 | O20: 0
A21: =E21&N21&O21 -> Ace One 75 SP 50 X 100 gr469660 | B21: ID20 | C21: P20 | D21: KIU20 | E21: Ace One 75 SP 50 X 100 gr | F21: 50 | G21: 1 | H21: 1 | I21: 50 | J21: 3 | K21: =ROUNDDOWN(J21/I21,0) -> 0 | L21: =J21-K21*I21 -> 3 | M21: 3 | N21: 46966 | O21: 0
A22: =E22&N22&O22 -> Ace One 75 SP 50 X 100 gr470580 | B22: ID21 | C22: P21 | D22: KIU21 | E22: Ace One 75 SP 50 X 100 gr | F22: 50 | G22: 1 | H22: 1 | I22: 50 | J22: 1380 | K22: =ROUNDDOWN(J22/I22,0) -> 27 | L22: =J22-K22*I22 -> 30 | M22: 1380 | N22: 47058 | O22: 0
A23: =E23&N23&O23 -> Achlor 4/36 WP 60 X 100 gr464780 | B23: ID22 | C23: P22 | D23: KIU22 | E23: Achlor 4/36 WP 60 X 100 gr | F23: 60 | G23: 1 | H23: 1 | I23: 60 | J23: 120 | K23: =ROUNDDOWN(J23/I23,0) -> 2 | L23: =J23-K23*I23 -> 0 | M23: 120 | N23: 46478 | O23: 0
A24: =E24&N24&O24 -> ACL 6 865 SL 25 X 400 ml466310 | B24: ID23 | C24: P23 | D24: KIU23 | E24: ACL 6 865 SL 25 X 400 ml | F24: 25 | G24: 1 | H24: 1 | I24: 25 | J24: 171 | K24: =ROUNDDOWN(J24/I24,0) -> 6 | L24: =J24-K24*I24 -> 21 | M24: 171 | N24: 46631 | O24: 0
A25: =E25&N25&O25 -> ACL 6 865 SL 50 X 200 ml466000 | B25: ID24 | C25: P24 | D25: KIU24 | E25: ACL 6 865 SL 50 X 200 ml | F25: 50 | G25: 1 | H25: 1 | I25: 50 | J25: 572 | K25: =ROUNDDOWN(J25/I25,0) -> 11 | L25: =J25-K25*I25 -> 22 | M25: 572 | N25: 46600 | O25: 0
A26: =E26&N26&O26 -> Acrobat WP 20 X 6 X 40 gr461130 | B26: ID25 | C26: P25 | D26: KIU25 | E26: Acrobat WP 20 X 6 X 40 gr | F26: 20 | G26: 6 | H26: 1 | I26: 120 | J26: 7423 | K26: =ROUNDDOWN(J26/I26,0) -> 61 | L26: =J26-K26*I26 -> 103 | M26: 7423 | N26: 46113 | O26: 0
A27: =E27&N27&O27 -> Adrift 125 EC 40 X 250 ml455970 | B27: ID26 | C27: P26 | D27: KIU26 | E27: Adrift 125 EC 40 X 250 ml | F27: 40 | G27: 1 | H27: 1 | I27: 40 | J27: 230 | K27: =ROUNDDOWN(J27/I27,0) -> 5 | L27: =J27-K27*I27 -> 30 | M27: 230 | N27: 45597 | O27: 0
A28: =E28&N28&O28 -> Adrift 125 EC 50 X 100 ml455970 | B28: ID27 | C28: P27 | D28: KIU27 | E28: Adrift 125 EC 50 X 100 ml | F28: 50 | G28: 1 | H28: 1 | I28: 50 | J28: 104 | K28: =ROUNDDOWN(J28/I28,0) -> 2 | L28: =J28-K28*I28 -> 4 | M28: 104 | N28: 45597 | O28: 0
A29: =E29&N29&O29 -> Afonil 50 SC 100 X 100 ml456890 | B29: ID28 | C29: P28 | D29: KIU28 | E29: Afonil 50 SC 100 X 100 ml | F29: 100 | G29: 1 | H29: 1 | I29: 100 | J29: 1800 | K29: =ROUNDDOWN(J29/I29,0) -> 18 | L29: =J29-K29*I29 -> 0 | M29: 1800 | N29: 45689 | O29: 0
A30: =E30&N30&O30 -> Afonil 50 SC 100 X 50 ml457170 | B30: ID29 | C30: P29 | D30: KIU29 | E30: Afonil 50 SC 100 X 50 ml | F30: 100 | G30: 1 | H30: 1 | I30: 100 | J30: 2165 | K30: =ROUNDDOWN(J30/I30,0) -> 21 | L30: =J30-K30*I30 -> 65 | M30: 2165 | N30: 45717 | O30: 0
... A60: =E60&N60&O60 -> Akrostar 40 WP 60 X 40 gr461740 | B60: ID59 | C60: P59 | D60: KIU59 | E60: Akrostar 40 WP 60 X 40 gr | F60: 60 | G60: 1 | H60: 1 | I60: 60 | J60: 649 | K60: =ROUNDDOWN(J60/I60,0) -> 10 | L60: =J60-K60*I60 -> 49 | M60: 649 | N60: 46174 | O60: 0
A61: =E61&N61&O61 -> Alat Kocor Pupuk Cair Jitu 20 Ltr1/1/10000 | B61: ID60 | C61: P60 | D61: KIU60 | E61: Alat Kocor Pupuk Cair Jitu 20 Ltr | F61: 1 | G61: 1 | H61: 1 | I61: 1 | J61: 1 | K61: =ROUNDDOWN(J61/I61,0) -> 1 | L61: =J61-K61*I61 -> 0 | M61: 1 | N61: 1/1/1000 | O61: 0
A62: =E62&N62&O62 -> Alat Kocor Pupuk Cair Quda Karisma1/1/10000 | B62: ID61 | C62: P61 | D62: KIU61 | E62: Alat Kocor Pupuk Cair Quda Karisma | F62: 1 | G62: 1 | H62: 1 | I62: 1 | J62: 63 | K62: =ROUNDDOWN(J62/I62,0) -> 63 | L62: =J62-K62*I62 -> 0 | M62: 63 | N62: 1/1/1000 | O62: 0
A63: =E63&N63&O63 -> Alat Kocor Pupuk Padat Quda Karisma1/1/10000 | B63: ID62 | C63: P62 | D63: KIU62 | E63: Alat Kocor Pupuk Padat Quda Karisma | F63: 1 | G63: 1 | H63: 1 | I63: 1 | J63: 1 | K63: =ROUNDDOWN(J63/I63,0) -> 1 | L63: =J63-K63*I63 -> 0 | M63: 1 | N63: 1/1/1000 | O63: 0
A64: =E64&N64&O64 -> Alat Kocor Pupuk Padat Satagro 25 ltr1/1/10000 | B64: ID63 | C64: P63 | D64: KIU63 | E64: Alat Kocor Pupuk Padat Satagro 25 ltr | F64: 1 | G64: 1 | H64: 1 | I64: 1 | J64: 80 | K64: =ROUNDDOWN(J64/I64,0) -> 80 | L64: =J64-K64*I64 -> 0 | M64: 80 | N64: 1/1/1000 | O64: 0
A65: =E65&N65&O65 -> Alat Pengikat Tanaman Yoto1/1/10000 | B65: ID64 | C65: P64 | D65: KIU64 | E65: Alat Pengikat Tanaman Yoto | F65: 1 | G65: 1 | H65: 1 | I65: 1 | J65: 20 | K65: =ROUNDDOWN(J65/I65,0) -> 20 | L65: =J65-K65*I65 -> 0 | M65: 20 | N65: 1/1/1000 | O65: 0
A66: =E66&N66&O66 -> Alat Service YT 5L / 7L1/1/10000 | B66: ID65 | C66: P65 | D66: KIU65 | E66: Alat Service YT 5L / 7L | F66: 1 | G66: 1 | H66: 1 | I66: 1 | J66: 20 | K66: =ROUNDDOWN(J66/I66,0) -> 20 | L66: =J66-K66*I66 -> 0 | M66: 20 | N66: 1/1/1000 | O66: 0
A67: =E67&N67&O67 -> Alat Tanam Jagung 1 Output Satagro MTB-006 6 X 1 pcs1/1/10000 | B67: ID66 | C67: P66 | D67: KIU66 | E67: Alat Tanam Jagung 1 Output Satagro MTB-006 6 X 1 pcs | F67: 6 | G67: 1 | H67: 1 | I67: 6 | J67: 368 | K67: =ROUNDDOWN(J67/I67,0) -> 61 | L67: =J67-K67*I67 -> 2 | M67: 368 | N67: 1/1/1000 | O67: 0
A68: =E68&N68&O68 -> Alat Tanam Roll MTB-008 SS1/1/10000 | B68: ID67 | C68: P67 | D68: KIU67 | E68: Alat Tanam Roll MTB-008 SS | F68: 1 | G68: 1 | H68: 1 | I68: 1 | J68: 110 | K68: =ROUNDDOWN(J68/I68,0) -> 110 | L68: =J68-K68*I68 -> 0 | M68: 110 | N68: 1/1/1000 | O68: 0
A69: =E69&N69&O69 -> Alat Tanam Roll MTB-010 SS1/1/10000 | B69: ID68 | C69: P68 | D69: KIU68 | E69: Alat Tanam Roll MTB-010 SS | F69: 1 | G69: 1 | H69: 1 | I69: 1 | J69: 35 | K69: =ROUNDDOWN(J69/I69,0) -> 35 | L69: =J69-K69*I69 -> 0 | M69: 35 | N69: 1/1/1000 | O69: 0
A70: =E70&N70&O70 -> Alfatox 50 EC 20 X 400 ml (AGM)470880 | B70: ID69 | C70: P69 | D70: KIU69 | E70: Alfatox 50 EC 20 X 400 ml (AGM) | F70: 20 | G70: 1 | H70: 1 | I70: 20 | J70: 15 | K70: =ROUNDDOWN(J70/I70,0) -> 0 | L70: =J70-K70*I70 -> 15 | M70: 15 | N70: 47088 | O70: 0
A71: =E71&N71&O71 -> Alfatox 50 EC 20 X 400 ml (AGM)471780 | B71: ID70 | C71: P70 | D71: KIU70 | E71: Alfatox 50 EC 20 X 400 ml (AGM) | F71: 20 | G71: 1 | H71: 1 | I71: 20 | J71: 1980 | K71: =ROUNDDOWN(J71/I71,0) -> 99 | L71: =J71-K71*I71 -> 0 | M71: 1980 | N71: 47178 | O71: 0
A72: =E72&N72&O72 -> Alfatox 50 EC 40 X 200 ml (AGM)469050 | B72: ID71 | C72: P71 | D72: KIU71 | E72: Alfatox 50 EC 40 X 200 ml (AGM) | F72: 40 | G72: 1 | H72: 1 | I72: 40 | J72: 303 | K72: =ROUNDDOWN(J72/I72,0) -> 7 | L72: =J72-K72*I72 -> 23 | M72: 303 | N72: 46905 | O72: 0
A73: =E73&N73&O73 -> Alfatox 50 EC 40 X 200 ml (AGM)470880 | B73: ID72 | C73: P72 | D73: KIU72 | E73: Alfatox 50 EC 40 X 200 ml (AGM) | F73: 40 | G73: 1 | H73: 1 | I73: 40 | J73: 3400 | K73: =ROUNDDOWN(J73/I73,0) -> 85 | L73: =J73-K73*I73 -> 0 | M73: 3400 | N73: 47088 | O73: 0
A74: =E74&N74&O74 -> Alfatox 50 EC 50 X 80 ml (AGM)471780 | B74: ID73 | C74: P73 | D74: KIU73 | E74: Alfatox 50 EC 50 X 80 ml (AGM) | F74: 50 | G74: 1 | H74: 1 | I74: 50 | J74: 5644 | K74: =ROUNDDOWN(J74/I74,0) -> 112 | L74: =J74-K74*I74 -> 44 | M74: 5644 | N74: 47178 | O74: 0
A75: =E75&N75&O75 -> Alika 247 ZC 100 X 50 ml458390 | B75: ID74 | C75: P74 | D75: KIU74 | E75: Alika 247 ZC 100 X 50 ml | F75: 100 | G75: 1 | H75: 1 | I75: 100 | J75: 957 | K75: =ROUNDDOWN(J75/I75,0) -> 9 | L75: =J75-K75*I75 -> 57 | M75: 957 | N75: 45839 | O75: 0
A76: =E76&N76&O76 -> Alika 247 ZC 40 X 250 ml458390 | B76: ID75 | C76: P75 | D76: KIU75 | E76: Alika 247 ZC 40 X 250 ml | F76: 40 | G76: 1 | H76: 1 | I76: 40 | J76: 28 | K76: =ROUNDDOWN(J76/I76,0) -> 0 | L76: =J76-K76*I76 -> 28 | M76: 28 | N76: 45839 | O76: 0
A77: =E77&N77&O77 -> Alika 247 ZC 40 X 250 ml458090 | B77: ID76 | C77: P76 | D77: KIU76 | E77: Alika 247 ZC 40 X 250 ml | F77: 40 | G77: 1 | H77: 1 | I77: 40 | J77: 2131 | K77: =ROUNDDOWN(J77/I77,0) -> 53 | L77: =J77-K77*I77 -> 11 | M77: 2131 | N77: 45809 | O77: 0
A78: =E78&N78&O78 -> Alika 247 ZC 50 X 100 ml458090 | B78: ID77 | C78: P77 | D78: KIU77 | E78: Alika 247 ZC 50 X 100 ml | F78: 50 | G78: 1 | H78: 1 | I78: 50 | J78: 48 | K78: =ROUNDDOWN(J78/I78,0) -> 0 | L78: =J78-K78*I78 -> 48 | M78: 48 | N78: 45809 | O78: 0
A79: =E79&N79&O79 -> Alika 247 ZC 50 X 100 ml458390 | B79: ID78 | C79: P78 | D79: KIU78 | E79: Alika 247 ZC 50 X 100 ml | F79: 50 | G79: 1 | H79: 1 | I79: 50 | J79: 6050 | K79: =ROUNDDOWN(J79/I79,0) -> 121 | L79: =J79-K79*I79 -> 0 | M79: 6050 | N79: 45839 | O79: 0
A80: =E80&N80&O80 -> Amabas 500 EC 16 X 1 ltr471500 | B80: ID79 | C80: P79 | D80: KIU79 | E80: Amabas 500 EC 16 X 1 ltr | F80: 16 | G80: 1 | H80: 1 | I80: 16 | J80: 13 | K80: =ROUNDDOWN(J80/I80,0) -> 0 | L80: =J80-K80*I80 -> 13 | M80: 13 | N80: 47150 | O80: 0
A81: =E81&N81&O81 -> Amabas 500 EC 16 X 1 ltr471780 | B81: ID80 | C81: P80 | D81: KIU80 | E81: Amabas 500 EC 16 X 1 ltr | F81: 16 | G81: 1 | H81: 1 | I81: 16 | J81: 16 | K81: =ROUNDDOWN(J81/I81,0) -> 1 | L81: =J81-K81*I81 -> 0 | M81: 16 | N81: 47178 | O81: 0
... A102: =E102&N102&O102 -> Amiboost Vegetative 20 X 500 ml458700 | B102: ID101 | C102: P101 | D102: KIU101 | E102: Amiboost Vegetative 20 X 500 ml | F102: 20 | G102: 1 | H102: 1 | I102: 20 | J102: 467 | K102: =ROUNDDOWN(J102/I102,0) -> 23 | L102: =J102-K102*I102 -> 7 | M102: 467 | N102: 45870 | O102: 0
A103: =E103&N103&O103 -> Amichlor 400 EC 100 ml1/1/10000 | B103: ID102 | C103: P102 | D103: KIU102 | E103: Amichlor 400 EC 100 ml | F103: 1 | G103: 1 | H103: 1 | I103: 1 | J103: 11 | K103: =ROUNDDOWN(J103/I103,0) -> 11 | L103: =J103-K103*I103 -> 0 | M103: 11 | N103: 1/1/1000 | O103: 0
A104: =E104&N104&O104 -> Aminosong 20 X 500 ml (AGM)471500 | B104: ID103 | C104: P103 | D104: KIU103 | E104: Aminosong 20 X 500 ml (AGM) | F104: 20 | G104: 1 | H104: 1 | I104: 20 | J104: 545 | K104: =ROUNDDOWN(J104/I104,0) -> 27 | L104: =J104-K104*I104 -> 5 | M104: 545 | N104: 47150 | O104: 0
A105: =E105&N105&O105 -> Aminosong Mango 500 ml (AGM) (Sample)471500 | B105: ID104 | C105: P104 | D105: KIU104 | E105: Aminosong Mango 500 ml (AGM) (Sample) | F105: 1 | G105: 1 | H105: 1 | I105: 1 | J105: 4 | K105: =ROUNDDOWN(J105/I105,0) -> 4 | L105: =J105-K105*I105 -> 0 | M105: 4 | N105: 47150 | O105: 0
A106: =E106&N106&O106 -> Amistartop 325 SC 100 X 50 ml461130 | B106: ID105 | C106: P105 | D106: KIU105 | E106: Amistartop 325 SC 100 X 50 ml | F106: 100 | G106: 1 | H106: 1 | I106: 100 | J106: 10441 | K106: =ROUNDDOWN(J106/I106,0) -> 104 | L106: =J106-K106*I106 -> 41 | M106: 10441 | N106: 46113 | O106: 0
A107: =E107&N107&O107 -> Amistartop 325 SC 100 X 50 ml462660 | B107: ID106 | C107: P106 | D107: KIU106 | E107: Amistartop 325 SC 100 X 50 ml | F107: 100 | G107: 1 | H107: 1 | I107: 100 | J107: 10000 | K107: =ROUNDDOWN(J107/I107,0) -> 100 | L107: =J107-K107*I107 -> 0 | M107: 10000 | N107: 46266 | O107: 0
A108: =E108&N108&O108 -> Amistartop 325 SC 20 X 250 ml461740 | B108: ID107 | C108: P107 | D108: KIU107 | E108: Amistartop 325 SC 20 X 250 ml | F108: 20 | G108: 1 | H108: 1 | I108: 20 | J108: 1397 | K108: =ROUNDDOWN(J108/I108,0) -> 69 | L108: =J108-K108*I108 -> 17 | M108: 1397 | N108: 46174 | O108: 0
A109: =E109&N109&O109 -> Amistartop 325 SC 20 X 250 ml462660 | B109: ID108 | C109: P108 | D109: KIU108 | E109: Amistartop 325 SC 20 X 250 ml | F109: 20 | G109: 1 | H109: 1 | I109: 20 | J109: 24000 | K109: =ROUNDDOWN(J109/I109,0) -> 1200 | L109: =J109-K109*I109 -> 0 | M109: 24000 | N109: 46266 | O109: 0
A110: =E110&N110&O110 -> Amistartop 325 SC 50 X 100 ml462660 | B110: ID109 | C110: P109 | D110: KIU109 | E110: Amistartop 325 SC 50 X 100 ml | F110: 50 | G110: 1 | H110: 1 | I110: 50 | J110: 10332 | K110: =ROUNDDOWN(J110/I110,0) -> 206 | L110: =J110-K110*I110 -> 32 | M110: 10332 | N110: 46266 | O110: 0
A111: =E111&N111&O111 -> Amolin 300 EC 100 X 100 ml461130 | B111: ID110 | C111: P110 | D111: KIU110 | E111: Amolin 300 EC 100 X 100 ml | F111: 100 | G111: 1 | H111: 1 | I111: 100 | J111: 19 | K111: =ROUNDDOWN(J111/I111,0) -> 0 | L111: =J111-K111*I111 -> 19 | M111: 19 | N111: 46113 | O111: 0
A112: =E112&N112&O112 -> Amolin 300 EC 100 X 100 ml462960 | B112: ID111 | C112: P111 | D112: KIU111 | E112: Amolin 300 EC 100 X 100 ml | F112: 100 | G112: 1 | H112: 1 | I112: 100 | J112: 2800 | K112: =ROUNDDOWN(J112/I112,0) -> 28 | L112: =J112-K112*I112 -> 0 | M112: 2800 | N112: 46296 | O112: 0
A113: =E113&N113&O113 -> Amolin 300 EC 100 X 100 ml467530 | B113: ID112 | C113: P112 | D113: KIU112 | E113: Amolin 300 EC 100 X 100 ml | F113: 100 | G113: 1 | H113: 1 | I113: 100 | J113: 1100 | K113: =ROUNDDOWN(J113/I113,0) -> 11 | L113: =J113-K113*I113 -> 0 | M113: 1100 | N113: 46753 | O113: 0
A114: =E114&N114&O114 -> Amolin 300 EC 100 X 100 ml470270 | B114: ID113 | C114: P113 | D114: KIU113 | E114: Amolin 300 EC 100 X 100 ml | F114: 100 | G114: 1 | H114: 1 | I114: 100 | J114: 1900 | K114: =ROUNDDOWN(J114/I114,0) -> 19 | L114: =J114-K114*I114 -> 0 | M114: 1900 | N114: 47027 | O114: 0
A115: =E115&N115&O115 -> Amolin 300 EC 100 X 100 ml462350 | B115: ID114 | C115: P114 | D115: KIU114 | E115: Amolin 300 EC 100 X 100 ml | F115: 100 | G115: 1 | H115: 1 | I115: 100 | J115: 6000 | K115: =ROUNDDOWN(J115/I115,0) -> 60 | L115: =J115-K115*I115 -> 0 | M115: 6000 | N115: 46235 | O115: 0
... A147: =E147&N147&O147 -> Apropo 200 SE 100 X 60 ml457480 | B147: ID146 | C147: P146 | D147: KIU146 | E147: Apropo 200 SE 100 X 60 ml | F147: 100 | G147: 1 | H147: 1 | I147: 100 | J147: 90 | K147: =ROUNDDOWN(J147/I147,0) -> 0 | L147: =J147-K147*I147 -> 90 | M147: 90 | N147: 45748 | O147: 0
A148: =E148&N148&O148 -> Apropo 200 SE 40 X 250 ml1/1/10000 | B148: ID147 | C148: P147 | D148: KIU147 | E148: Apropo 200 SE 40 X 250 ml | F148: 40 | G148: 1 | H148: 1 | I148: 40 | J148: 9 | K148: =ROUNDDOWN(J148/I148,0) -> 0 | L148: =J148-K148*I148 -> 9 | M148: 9 | N148: 1/1/1000 | O148: 0
A149: =E149&N149&O149 -> Arendi 20/10 WP 20 X 20 X 25 gr471500 | B149: ID148 | C149: P148 | D149: KIU148 | E149: Arendi 20/10 WP 20 X 20 X 25 gr | F149: 20 | G149: 20 | H149: 1 | I149: 400 | J149: 9200 | K149: =ROUNDDOWN(J149/I149,0) -> 23 | L149: =J149-K149*I149 -> 0 | M149: 9200 | N149: 47150 | O149: 0
A150: =E150&N150&O150 -> Arendi 20/10 WP 20 X 20 X 25 gr468130 | B150: ID149 | C150: P149 | D150: KIU149 | E150: Arendi 20/10 WP 20 X 20 X 25 gr | F150: 20 | G150: 20 | H150: 1 | I150: 400 | J150: 36975 | K150: =ROUNDDOWN(J150/I150,0) -> 92 | L150: =J150-K150*I150 -> 175 | M150: 36975 | N150: 46813 | O150: 0
A151: =E151&N151&O151 -> Arizona 55 EC 50 X 80 ml459310 | B151: ID150 | C151: P150 | D151: KIU150 | E151: Arizona 55 EC 50 X 80 ml | F151: 50 | G151: 1 | H151: 1 | I151: 50 | J151: 11 | K151: =ROUNDDOWN(J151/I151,0) -> 0 | L151: =J151-K151*I151 -> 11 | M151: 11 | N151: 45931 | O151: 0
A152: =E152&N152&O152 -> Arizona 55 EC 80 ml (Sample)1/1/10000 | B152: ID151 | C152: P151 | D152: KIU151 | E152: Arizona 55 EC 80 ml (Sample) | F152: 1 | G152: 1 | H152: 1 | I152: 1 | J152: 2 | K152: =ROUNDDOWN(J152/I152,0) -> 2 | L152: =J152-K152*I152 -> 0 | M152: 2 | N152: 1/1/1000 | O152: 0
A153: =E153&N153&O153 -> Arma 48/4 WP 20 X 500 gr458390 | B153: ID152 | C153: P152 | D153: KIU152 | E153: Arma 48/4 WP 20 X 500 gr | F153: 20 | G153: 1 | H153: 1 | I153: 20 | J153: 1491 | K153: =ROUNDDOWN(J153/I153,0) -> 74 | L153: =J153-K153*I153 -> 11 | M153: 1491 | N153: 45839 | O153: 0
A154: =E154&N154&O154 -> Arma 52 WP 20 X 500 gr (Sample)458390 | B154: ID153 | C154: P153 | D154: KIU153 | E154: Arma 52 WP 20 X 500 gr (Sample) | F154: 20 | G154: 1 | H154: 1 | I154: 20 | J154: 7 | K154: =ROUNDDOWN(J154/I154,0) -> 0 | L154: =J154-K154*I154 -> 7 | M154: 7 | N154: 45839 | O154: 0
A155: =E155&N155&O155 -> Armeira 30 WG 10 X 20 X 50 gr458090 | B155: ID154 | C155: P154 | D155: KIU154 | E155: Armeira 30 WG 10 X 20 X 50 gr | F155: 10 | G155: 20 | H155: 1 | I155: 200 | J155: 298 | K155: =ROUNDDOWN(J155/I155,0) -> 1 | L155: =J155-K155*I155 -> 98 | M155: 298 | N155: 45809 | O155: 0
A156: =E156&N156&O156 -> Armeira 30 WG 10 X 20 X 50 gr459310 | B156: ID155 | C156: P155 | D156: KIU155 | E156: Armeira 30 WG 10 X 20 X 50 gr | F156: 10 | G156: 20 | H156: 1 | I156: 200 | J156: 24600 | K156: =ROUNDDOWN(J156/I156,0) -> 123 | L156: =J156-K156*I156 -> 0 | M156: 24600 | N156: 45931 | O156: 0
A157: =E157&N157&O157 -> Asetop 30 EC 20 X 500 ml458700 | B157: ID156 | C157: P156 | D157: KIU156 | E157: Asetop 30 EC 20 X 500 ml | F157: 20 | G157: 1 | H157: 1 | I157: 20 | J157: 100 | K157: =ROUNDDOWN(J157/I157,0) -> 5 | L157: =J157-K157*I157 -> 0 | M157: 100 | N157: 45870 | O157: 0
A158: =E158&N158&O158 -> Asetop 30 EC 20 X 500 ml463570 | B158: ID157 | C158: P157 | D158: KIU157 | E158: Asetop 30 EC 20 X 500 ml | F158: 20 | G158: 1 | H158: 1 | I158: 20 | J158: 460 | K158: =ROUNDDOWN(J158/I158,0) -> 23 | L158: =J158-K158*I158 -> 0 | M158: 460 | N158: 46357 | O158: 0
A159: =E159&N159&O159 -> Asetop 30 EC 40 X 100 ml458700 | B159: ID158 | C159: P158 | D159: KIU158 | E159: Asetop 30 EC 40 X 100 ml | F159: 40 | G159: 1 | H159: 1 | I159: 40 | J159: 1050 | K159: =ROUNDDOWN(J159/I159,0) -> 26 | L159: =J159-K159*I159 -> 10 | M159: 1050 | N159: 45870 | O159: 0
A160: =E160&N160&O160 -> Asetor 250 EC 40 X 250 ml459310 | B160: ID159 | C160: P159 | D160: KIU159 | E160: Asetor 250 EC 40 X 250 ml | F160: 40 | G160: 1 | H160: 1 | I160: 40 | J160: 1 | K160: =ROUNDDOWN(J160/I160,0) -> 0 | L160: =J160-K160*I160 -> 1 | M160: 1 | N160: 45931 | O160: 0
A161: =E161&N161&O161 -> Asetor 250 EC 40 X 250 ml460820 | B161: ID160 | C161: P160 | D161: KIU160 | E161: Asetor 250 EC 40 X 250 ml | F161: 40 | G161: 1 | H161: 1 | I161: 40 | J161: 5 | K161: =ROUNDDOWN(J161/I161,0) -> 0 | L161: =J161-K161*I161 -> 5 | M161: 5 | N161: 46082 | O161: 0
A162: =E162&N162&O162 -> Asetor 250 EC 40 X 250 ml471780 | B162: ID161 | C162: P161 | D162: KIU161 | E162: Asetor 250 EC 40 X 250 ml | F162: 40 | G162: 1 | H162: 1 | I162: 40 | J162: 1295 | K162: =ROUNDDOWN(J162/I162,0) -> 32 | L162: =J162-K162*I162 -> 15 | M162: 1295 | N162: 47178 | O162: 0
A163: =E163&N163&O163 -> Asia Top 288 SL 20 ltr471190 | B163: ID162 | C163: P162 | D163: KIU162 | E163: Asia Top 288 SL 20 ltr | F163: 1 | G163: 1 | H163: 1 | I163: 1 | J163: 24 | K163: =ROUNDDOWN(J163/I163,0) -> 24 | L163: =J163-K163*I163 -> 0 | M163: 24 | N163: 47119 | O163: 0
A164: =E164&N164&O164 -> Asia Top 288 SL 20 ltr472700 | B164: ID163 | C164: P163 | D164: KIU163 | E164: Asia Top 288 SL 20 ltr | F164: 1 | G164: 1 | H164: 1 | I164: 1 | J164: 246 | K164: =ROUNDDOWN(J164/I164,0) -> 246 | L164: =J164-K164*I164 -> 0 | M164: 246 | N164: 47270 | O164: 0
... A193: =E193&N193&O193 -> Aztro 80 WP 10 X 10 X 50 gr456580 | B193: ID192 | C193: P192 | D193: KIU192 | E193: Aztro 80 WP 10 X 10 X 50 gr | F193: 10 | G193: 10 | H193: 1 | I193: 100 | J193: 604 | K193: =ROUNDDOWN(J193/I193,0) -> 6 | L193: =J193-K193*I193 -> 4 | M193: 604 | N193: 45658 | O193: 0
A194: =E194&N194&O194 -> Baalpoint Kompas1/1/10000 | B194: ID193 | C194: P193 | D194: KIU193 | E194: Baalpoint Kompas | F194: 1 | G194: 1 | H194: 1 | I194: 1 | J194: 350 | K194: =ROUNDDOWN(J194/I194,0) -> 350 | L194: =J194-K194*I194 -> 0 | M194: 350 | N194: 1/1/1000 | O194: 0
A195: =E195&N195&O195 -> Bactocyn 150 AL 100 X 100 ml474530 | B195: ID194 | C195: P194 | D195: KIU194 | E195: Bactocyn 150 AL 100 X 100 ml | F195: 100 | G195: 1 | H195: 1 | I195: 100 | J195: 2576 | K195: =ROUNDDOWN(J195/I195,0) -> 25 | L195: =J195-K195*I195 -> 76 | M195: 2576 | N195: 47453 | O195: 0
A196: =E196&N196&O196 -> Bag Jagung Q235 - 1 kg1/1/10000 | B196: ID195 | C196: P195 | D196: KIU195 | E196: Bag Jagung Q235 - 1 kg | F196: 1 | G196: 1 | H196: 1 | I196: 1 | J196: 72000 | K196: =ROUNDDOWN(J196/I196,0) -> 72000 | L196: =J196-K196*I196 -> 0 | M196: 72000 | N196: 1/1/1000 | O196: 0
A197: =E197&N197&O197 -> Bag NPK Novatec 5 Kg1/1/10000 | B197: ID196 | C197: P196 | D197: KIU196 | E197: Bag NPK Novatec 5 Kg | F197: 1 | G197: 1 | H197: 1 | I197: 1 | J197: 66607 | K197: =ROUNDDOWN(J197/I197,0) -> 66607 | L197: =J197-K197*I197 -> 0 | M197: 66607 | N197: 1/1/1000 | O197: 0
A198: =E198&N198&O198 -> Baju Batik1/1/10000 | B198: ID197 | C198: P197 | D198: KIU197 | E198: Baju Batik | F198: 1 | G198: 1 | H198: 1 | I198: 1 | J198: 155 | K198: =ROUNDDOWN(J198/I198,0) -> 155 | L198: =J198-K198*I198 -> 0 | M198: 155 | N198: 1/1/1000 | O198: 0
A199: =E199&N199&O199 -> Baju Koko1/1/10000 | B199: ID198 | C199: P198 | D199: KIU198 | E199: Baju Koko | F199: 1 | G199: 1 | H199: 1 | I199: 1 | J199: 29 | K199: =ROUNDDOWN(J199/I199,0) -> 29 | L199: =J199-K199*I199 -> 0 | M199: 29 | N199: 1/1/1000 | O199: 0
A200: =E200&N200&O200 -> Baledo 250/50 SC 40 X 100 ml458700 | B200: ID199 | C200: P199 | D200: KIU199 | E200: Baledo 250/50 SC 40 X 100 ml | F200: 40 | G200: 1 | H200: 1 | I200: 40 | J200: 892 | K200: =ROUNDDOWN(J200/I200,0) -> 22 | L200: =J200-K200*I200 -> 12 | M200: 892 | N200: 45870 | O200: 0
A201: =E201&N201&O201 -> Baledo 250/50 SC 40 X 250 ml470880 | B201: ID200 | C201: P200 | D201: KIU200 | E201: Baledo 250/50 SC 40 X 250 ml | F201: 40 | G201: 1 | H201: 1 | I201: 40 | J201: 1400 | K201: =ROUNDDOWN(J201/I201,0) -> 35 | L201: =J201-K201*I201 -> 0 | M201: 1400 | N201: 47088 | O201: 0
A202: =E202&N202&O202 -> Bamex 18 EC 100 X 50 ml (M2U)462040 | B202: ID201 | C202: P201 | D202: KIU201 | E202: Bamex 18 EC 100 X 50 ml (M2U) | F202: 100 | G202: 1 | H202: 1 | I202: 100 | J202: 2847 | K202: =ROUNDDOWN(J202/I202,0) -> 28 | L202: =J202-K202*I202 -> 47 | M202: 2847 | N202: 46204 | O202: 0
A203: =E203&N203&O203 -> Bamex 18 EC 100 X 50 ml (M2U)462660 | B203: ID202 | C203: P202 | D203: KIU202 | E203: Bamex 18 EC 100 X 50 ml (M2U) | F203: 100 | G203: 1 | H203: 1 | I203: 100 | J203: 1400 | K203: =ROUNDDOWN(J203/I203,0) -> 14 | L203: =J203-K203*I203 -> 0 | M203: 1400 | N203: 46266 | O203: 0
A204: =E204&N204&O204 -> Bamex 18 EC 100 X 50 ml (M2U)464190 | B204: ID203 | C204: P203 | D204: KIU203 | E204: Bamex 18 EC 100 X 50 ml (M2U) | F204: 100 | G204: 1 | H204: 1 | I204: 100 | J204: 2900 | K204: =ROUNDDOWN(J204/I204,0) -> 29 | L204: =J204-K204*I204 -> 0 | M204: 2900 | N204: 46419 | O204: 0
A205: =E205&N205&O205 -> Bamex 18 EC 20 X 200 ml (M2U)464190 | B205: ID204 | C205: P204 | D205: KIU204 | E205: Bamex 18 EC 20 X 200 ml (M2U) | F205: 20 | G205: 1 | H205: 1 | I205: 20 | J205: 607 | K205: =ROUNDDOWN(J205/I205,0) -> 30 | L205: =J205-K205*I205 -> 7 | M205: 607 | N205: 46419 | O205: 0
A206: =E206&N206&O206 -> Bamex 18 EC 20 X 200 ml (M2U)465080 | B206: ID205 | C206: P205 | D206: KIU205 | E206: Bamex 18 EC 20 X 200 ml (M2U) | F206: 20 | G206: 1 | H206: 1 | I206: 20 | J206: 1060 | K206: =ROUNDDOWN(J206/I206,0) -> 53 | L206: =J206-K206*I206 -> 0 | M206: 1060 | N206: 46508 | O206: 0
A207: =E207&N207&O207 -> Bamex 18 EC 50 X 100 ml (M2U)462040 | B207: ID206 | C207: P206 | D207: KIU206 | E207: Bamex 18 EC 50 X 100 ml (M2U) | F207: 50 | G207: 1 | H207: 1 | I207: 50 | J207: 2893 | K207: =ROUNDDOWN(J207/I207,0) -> 57 | L207: =J207-K207*I207 -> 43 | M207: 2893 | N207: 46204 | O207: 0
A208: =E208&N208&O208 -> Bamex 18 EC 50 X 100 ml (M2U)461430 | B208: ID207 | C208: P207 | D208: KIU207 | E208: Bamex 18 EC 50 X 100 ml (M2U) | F208: 50 | G208: 1 | H208: 1 | I208: 50 | J208: 50 | K208: =ROUNDDOWN(J208/I208,0) -> 1 | L208: =J208-K208*I208 -> 0 | M208: 50 | N208: 46143 | O208: 0
A209: =E209&N209&O209 -> Bamex 18 EC 50 X 100 ml (M2U)463570 | B209: ID208 | C209: P208 | D209: KIU208 | E209: Bamex 18 EC 50 X 100 ml (M2U) | F209: 50 | G209: 1 | H209: 1 | I209: 50 | J209: 50 | K209: =ROUNDDOWN(J209/I209,0) -> 1 | L209: =J209-K209*I209 -> 0 | M209: 50 | N209: 46357 | O209: 0
A210: =E210&N210&O210 -> Bamex 18 EC 50 X 100 ml (M2U)462350 | B210: ID209 | C210: P209 | D210: KIU209 | E210: Bamex 18 EC 50 X 100 ml (M2U) | F210: 50 | G210: 1 | H210: 1 | I210: 50 | J210: 1700 | K210: =ROUNDDOWN(J210/I210,0) -> 34 | L210: =J210-K210*I210 -> 0 | M210: 1700 | N210: 46235 | O210: 0
...

Sheet db_pending
B1: id | C1: kode_pending | D1: kode_barang | E1: nama_barang | F1: exp_date | G1: lot | H1: qty
A2: =E2&F2&G2 -> Jagung Bisi 18 20 X 1 kg455743095HBS18 | B2: =VLOOKUP(A2,db_masterBarang!A:C,2,0) -> ID1817 | C2: P1817 | D2: KIU1817 | E2: Jagung Bisi 18 20 X 1 kg | F2: 45574 | G2: 3095HBS18 | H2: 2000
A3: =E3&F3&G3 -> Jagung Bisi 2 20 X 1 kg457732305HBS2 | B3: =VLOOKUP(A3,db_masterBarang!A:C,2,0) -> ID1899 | C3: P1899 | D3: KIU1899 | E3: Jagung Bisi 2 20 X 1 kg | F3: 45773 | G3: 2305HBS2 | H3: 100
A4: =E4&F4&G4 -> Jagung Bisi 321 20 X 1 kg (+Kaos)457982381HBS321 | B4: =VLOOKUP(A4,db_masterBarang!A:C,2,0) -> ID1903 | C4: P1903 | D4: KIU1903 | E4: Jagung Bisi 321 20 X 1 kg (+Kaos) | F4: 45798 | G4: 2381HBS321 | H4: 140
A5: =E5&F5&G5 -> Jagung Bisi 321 20 X 1 kg (+Kaos)457982381HBS321 | B5: =VLOOKUP(A5,db_masterBarang!A:C,2,0) -> ID1903 | C5: P1903 | D5: KIU1903 | E5: Jagung Bisi 321 20 X 1 kg (+Kaos) | F5: 45798 | G5: 2381HBS321 | H5: 40
A6: =E6&F6&G6 -> Jagung DK 771 20 X 1 kg (Bayer)455439CFA012099 | B6: =VLOOKUP(A6,db_masterBarang!A:C,2,0) -> ID1925 | C6: P1925 | D6: KIU1925 | E6: Jagung DK 771 20 X 1 kg (Bayer) | F6: 45543 | G6: 9CFA012099 | H6: 40
A7: =E7&F7&G7 -> Jagung DK 771 20 X 1 kg (Bayer)455439CFA012099 | B7: =VLOOKUP(A7,db_masterBarang!A:C,2,0) -> ID1925 | C7: P1925 | D7: KIU1925 | E7: Jagung DK 771 20 X 1 kg (Bayer) | F7: 45543 | G7: 9CFA012099 | H7: 300
A8: =E8&F8&G8 -> Jagung DK 771 20 X 1 kg (Bayer)455829CFA013003 | B8: =VLOOKUP(A8,db_masterBarang!A:C,2,0) -> ID1922 | C8: P1922 | D8: KIU1922 | E8: Jagung DK 771 20 X 1 kg (Bayer) | F8: 45582 | G8: 9CFA013003 | H8: 500
A9: =E9&F9&G9 -> Jagung NK 7202 20 X 1 kg4566619046175 | B9: =VLOOKUP(A9,db_masterBarang!A:C,2,0) -> ID1948 | C9: P1948 | D9: KIU1948 | E9: Jagung NK 7202 20 X 1 kg | F9: 45666 | G9: 19046175 | H9: 500
A10: =E10&F10&G10 -> Jagung NK 7202 20 X 1 kg4566619046175 | B10: =VLOOKUP(A10,db_masterBarang!A:C,2,0) -> ID1948 | C10: P1948 | D10: KIU1948 | E10: Jagung NK 7202 20 X 1 kg | F10: 45666 | G10: 19046175 | H10: 1140
A11: =E11&F11&G11 -> Jagung P27 Gajah 20 X 1 kg45641007CKMAFDNDC055 | B11: =VLOOKUP(A11,db_masterBarang!A:C,2,0) -> ID1964 | C11: P1964 | D11: KIU1964 | E11: Jagung P27 Gajah 20 X 1 kg | F11: 45641 | G11: 007CKMAFDNDC055 | H11: 40
A12: =E12&F12&G12 -> Jagung P27 Gajah 20 X 1 kg45641007CKMAFDNDC055 | B12: =VLOOKUP(A12,db_masterBarang!A:C,2,0) -> ID1964 | C12: P1964 | D12: KIU1964 | E12: Jagung P27 Gajah 20 X 1 kg | F12: 45641 | G12: 007CKMAFDNDC055 | H12: 200
A13: =E13&F13&G13 -> Abacell 18 EC 10 X 1 ltr462040 | B13: =VLOOKUP(A13,db_masterBarang!A:C,2,0) -> ID1 | C13: P1 | D13: KIU1 | E13: Abacell 18 EC 10 X 1 ltr | F13: 46204 | G13: 0 | H13: 10
A14: =E14&F14&G14 -> Abacell 18 EC 10 X 1 ltr462040 | B14: =VLOOKUP(A14,db_masterBarang!A:C,2,0) -> ID1 | C14: P1 | D14: KIU1 | E14: Abacell 18 EC 10 X 1 ltr | F14: 46204 | G14: 0 | H14: 100
A15: =E15&F15&G15 -> Abacell 18 EC 10 X 1 ltr462040 | B15: =VLOOKUP(A15,db_masterBarang!A:C,2,0) -> ID1 | C15: P1 | D15: KIU1 | E15: Abacell 18 EC 10 X 1 ltr | F15: 46204 | G15: 0 | H15: 9
A16: =E16&F16&G16 -> Abacell 18 EC 10 X 1 ltr462040 | B16: =VLOOKUP(A16,db_masterBarang!A:C,2,0) -> ID1 | C16: P1 | D16: KIU1 | E16: Abacell 18 EC 10 X 1 ltr | F16: 46204 | G16: 0 | H16: 140
A17: =E17&F17&G17 -> Abacell 18 EC 40 X 250 ml463570 | B17: =VLOOKUP(A17,db_masterBarang!A:C,2,0) -> ID2 | C17: P2 | D17: KIU2 | E17: Abacell 18 EC 40 X 250 ml | F17: 46357 | G17: 0 | H17: 40
A18: =E18&F18&G18 -> Abacell 18 EC 40 X 250 ml463570 | B18: =VLOOKUP(A18,db_masterBarang!A:C,2,0) -> ID2 | C18: P2 | D18: KIU2 | E18: Abacell 18 EC 40 X 250 ml | F18: 46357 | G18: 0 | H18: 40
A19: =E19&F19&G19 -> Abacell 18 EC 40 X 250 ml463570 | B19: =VLOOKUP(A19,db_masterBarang!A:C,2,0) -> ID2 | C19: P2 | D19: KIU2 | E19: Abacell 18 EC 40 X 250 ml | F19: 46357 | G19: 0 | H19: 120
A20: =E20&F20&G20 -> Abacell 18 EC 40 X 250 ml463570 | B20: =VLOOKUP(A20,db_masterBarang!A:C,2,0) -> ID2 | C20: P2 | D20: KIU2 | E20: Abacell 18 EC 40 X 250 ml | F20: 46357 | G20: 0 | H20: 5
A21: =E21&F21&G21 -> Abacell 18 EC 40 X 250 ml463570 | B21: =VLOOKUP(A21,db_masterBarang!A:C,2,0) -> ID2 | C21: P2 | D21: KIU2 | E21: Abacell 18 EC 40 X 250 ml | F21: 46357 | G21: 0 | H21: 80
A22: =E22&F22&G22 -> Abacell 18 EC 40 X 250 ml463570 | B22: =VLOOKUP(A22,db_masterBarang!A:C,2,0) -> ID2 | C22: P2 | D22: KIU2 | E22: Abacell 18 EC 40 X 250 ml | F22: 46357 | G22: 0 | H22: 80
A23: =E23&F23&G23 -> Abacell 18 EC 50 X 100 ml460820 | B23: =VLOOKUP(A23,db_masterBarang!A:C,2,0) -> ID3 | C23: P3 | D23: KIU3 | E23: Abacell 18 EC 50 X 100 ml | F23: 46082 | G23: 0 | H23: 100
A24: =E24&F24&G24 -> Abenz 22 EC 100 X 100 ml469350 | B24: =VLOOKUP(A24,db_masterBarang!A:C,2,0) -> ID8 | C24: P8 | D24: KIU8 | E24: Abenz 22 EC 100 X 100 ml | F24: 46935 | G24: 0 | H24: 500
... A303: =E303&F303&G303 -> Qiuonol 400 SL 42 x 50 ml (Sample)459920 | B303: =VLOOKUP(A303,db_masterBarang!A:C,2,0) -> ID1357 | C303: P1357 | D303: KIU1357 | E303: Qiuonol 400 SL 42 x 50 ml (Sample) | F303: 45992 | G303: 0 | H303: 122
A304: =E304&F304&G304 -> Alat Kocor Pupuk Cair Quda Karisma1/1/10000 | B304: =VLOOKUP(A304,db_masterBarang!A:C,2,0) -> ID61 | C304: P61 | D304: KIU61 | E304: Alat Kocor Pupuk Cair Quda Karisma | F304: 1/1/1000 | G304: 0 | H304: 1
A305: =E305&F305&G305 -> Alat Kocor Pupuk Cair Quda Karisma1/1/10000 | B305: =VLOOKUP(A305,db_masterBarang!A:C,2,0) -> ID61 | C305: P61 | D305: KIU61 | E305: Alat Kocor Pupuk Cair Quda Karisma | F305: 1/1/1000 | G305: 0 | H305: 1
A306: =E306&F306&G306 -> Alat Kocor Pupuk Cair Quda Karisma1/1/10000 | B306: =VLOOKUP(A306,db_masterBarang!A:C,2,0) -> ID61 | C306: P61 | D306: KIU61 | E306: Alat Kocor Pupuk Cair Quda Karisma | F306: 1/1/1000 | G306: 0 | H306: 1
A307: =E307&F307&G307 -> Alat Kocor Pupuk Padat Quda Karisma1/1/10000 | B307: =VLOOKUP(A307,db_masterBarang!A:C,2,0) -> ID62 | C307: P62 | D307: KIU62 | E307: Alat Kocor Pupuk Padat Quda Karisma | F307: 1/1/1000 | G307: 0 | H307: 3
A308: =E308&F308&G308 -> Alat Pengikat Tanaman Yoto1/1/10000 | B308: =VLOOKUP(A308,db_masterBarang!A:C,2,0) -> ID64 | C308: P64 | D308: KIU64 | E308: Alat Pengikat Tanaman Yoto | F308: 1/1/1000 | G308: 0 | H308: 2
A309: =E309&F309&G309 -> Gunting Gland 8" Bypass Pruner ,05-203 10 X 10 X 1 pcs1/1/10000 | B309: =VLOOKUP(A309,db_masterBarang!A:C,2,0) -> ID627 | C309: P627 | D309: KIU627 | E309: Gunting Gland 8" Bypass Pruner ,05-203 10 X 10 X 1 pcs | F309: 1/1/1000 | G309: 0 | H309: 10
A310: =E310&F310&G310 -> Mulsa Coboy 60 cm X 1 kg1/1/10000 | B310: =VLOOKUP(A310,db_masterBarang!A:C,2,0) -> ID1027 | C310: P1027 | D310: KIU1027 | E310: Mulsa Coboy 60 cm X 1 kg | F310: 1/1/1000 | G310: 0 | H310: 25
A311: =E311&F311&G311 -> Mulsa Karisma Q989 60 cm X 8 kg (Roll)1/1/10000 | B311: =VLOOKUP(A311,db_masterBarang!A:C,2,0) -> ID1054 | C311: P1054 | D311: KIU1054 | E311: Mulsa Karisma Q989 60 cm X 8 kg (Roll) | F311: 1/1/1000 | G311: 0 | H311: 6
A312: =E312&F312&G312 -> Mulsa Ori Gajah 0.3 50 cm X 18 kg (Roll)1/1/10000 | B312: =VLOOKUP(A312,db_masterBarang!A:C,2,0) -> ID1072 | C312: P1072 | D312: KIU1072 | E312: Mulsa Ori Gajah 0.3 50 cm X 18 kg (Roll) | F312: 1/1/1000 | G312: 0 | H312: 25
A313: =E313&F313&G313 -> Sprayer Apung Hokita1/1/10000 | B313: =VLOOKUP(A313,db_masterBarang!A:C,2,0) -> ID1565 | C313: P1565 | D313: KIU1565 | E313: Sprayer Apung Hokita | F313: 1/1/1000 | G313: 0 | H313: 1
A314: =E314&F314&G314 -> Sprayer Elektrik Joeragan 16 L Battery1/1/10000 | B314: =VLOOKUP(A314,db_masterBarang!A:C,2,0) -> ID1567 | C314: P1567 | D314: KIU1567 | E314: Sprayer Elektrik Joeragan 16 L Battery | F314: 1/1/1000 | G314: 0 | H314: 41
A315: =E315&F315&G315 -> Sprayer Elektrik Quda Karisma 10 L 1 X 6 pcs1/1/10000 | B315: =VLOOKUP(A315,db_masterBarang!A:C,2,0) -> ID1568 | C315: P1568 | D315: KIU1568 | E315: Sprayer Elektrik Quda Karisma 10 L 1 X 6 pcs | F315: 1/1/1000 | G315: 0 | H315: 1
... A330: =E330&F330&G330 -> Kaos MIA Trio Dahsyat1/1/10000 | B330: =VLOOKUP(A330,db_masterBarang!A:C,2,0) -> ID765 | C330: P765 | D330: KIU765 | E330: Kaos MIA Trio Dahsyat | F330: 1/1/1000 | G330: 0 | H330: 200

Sheet DIGITAL
A1: KODE | B1: DESCRIPTION | C1: UNIT | D1: NAMAGUDANG | E1: KELOMPOK | F1: JENIS | G1: MERK | H1: QTY | I1: QTYLOT | J1: NOMOR_LOT | K1: TGLPRODUKSI | L1: TGLKADALUARSA | M1: JENIS | P1: Nama | Q1: Jenis | S1: DESCRIPTION | T1: TGLKADALUARSA | U1: NOMOR_LOT | V1: QTYLOT | W1: Jenis
A2: QABAC01 | B2: Abacell 18 EC 10 X 1 ltr | C2: Btl | D2: Gdg. Ttp Sales | E2: Obat | F2: Insektisida | G2: Abacell 18 EC | H2: 250 | I2: 250 | J2: 10072023 | K2: 45309 | L2: 46204 | M2: Obat | P2: Abacell 18 EC 10 X 1 ltr | Q2: Obat | S2: Abacell 18 EC 10 X 1 ltr | T2: 46204 | U2: 0 | V2: 250 | W2: Obat
A3: QABAC04 | B3: Abacell 18 EC 40 X 250 ml | C3: Btl | D3: Gdg. Induk | E3: Obat | F3: Insektisida | G3: Abacell 18 EC | H3: 721 | I3: 721 | J3: 5122023 | K3: 45384 | L3: 46357 | M3: Obat | P3: Abacell 18 EC 40 X 250 ml | Q3: Obat | S3: Abacell 18 EC 40 X 250 ml | T3: 46357 | U3: 0 | V3: 721 | W3: Obat
A4: QABAC07 | B4: Abacell 18 EC 50 X 100 ml | C4: Btl | D4: Gdg. Induk | E4: Obat | F4: Insektisida | G4: Abacell 18 EC | H4: 8185 | I4: 8185 | J4: 30032023 | K4: 45324 | L4: 46082 | M4: Obat | P4: Abacell 18 EC 50 X 100 ml | Q4: Obat | S4: Abacell 18 EC 50 X 100 ml | T4: 46082 | U4: 0 | V4: 8185 | W4: Obat
A5: QABAD02 | B5: Abado 50 WP 20 X 20 X 10 gr | C5: Pack | D5: Gdg. Induk | E5: Obat | F5: Fungisida | G5: Abado 50 WP | H5: 11563 | I5: 11563 | J5: ADV349A006 | K5: 45174 | L5: 46722 | M5: Obat | P5: Abado 50 WP 20 X 20 X 10 gr | Q5: Obat | S5: Abado 50 WP 20 X 20 X 10 gr | T5: 46722 | U5: 0 | V5: 11563 | W5: Obat
A6: QABAD01 | B6: Abado 50 WP 20 X 6 X 40 gr | C6: Pack | D6: Gdg. Induk | E6: Obat | F6: Fungisida | G6: Abado 50 WP | H6: 3372 | I6: 3372 | J6: ADV108V010 | K6: 45146 | L6: 46844 | M6: Obat | P6: Abado 50 WP 20 X 6 X 40 gr | Q6: Obat | S6: Abado 50 WP 20 X 6 X 40 gr | T6: 46844 | U6: 0 | V6: 3372 | W6: Obat
A7: QABEN01 | B7: Abenz 22 EC 100 X 100 ml | C7: Btl | D7: Gdg. Induk | E7: Obat | F7: Insektisida | G7: Abenz 22 EC | H7: 7087 | I7: 37 | J7: ADV1551025 | K7: 44804 | L7: 45809 | M7: Obat | P7: Abenz 22 EC 100 X 100 ml | Q7: Obat | S7: Abenz 22 EC 100 X 100 ml | T7: 45809 | U7: 0 | V7: 37 | W7: Obat
A8: QABEN01 | B8: Abenz 22 EC 100 X 100 ml | C8: Btl | D8: Gdg. Induk | E8: Obat | F8: Insektisida | G8: Abenz 22 EC | H8: 7087 | I8: 600 | J8: ADV265V040 | K8: 45287 | L8: 46997 | M8: Obat | P8: Abenz 22 EC 100 X 100 ml | Q8: Obat | S8: Abenz 22 EC 100 X 100 ml | T8: 46997 | U8: 0 | V8: 600 | W8: Obat
A9: QABEN01 | B9: Abenz 22 EC 100 X 100 ml | C9: Btl | D9: Gdg. Induk | E9: Obat | F9: Insektisida | G9: Abenz 22 EC | H9: 7087 | I9: 6450 | J9: ADV0710180723 | K9: 45164 | L9: 46935 | M9: Obat | P9: Abenz 22 EC 100 X 100 ml | Q9: Obat | S9: Abenz 22 EC 100 X 100 ml | T9: 46935 | U9: 0 | V9: 6450 | W9: Obat
A10: QABEN02 | B10: Abenz 22 EC 40 X 250 ml | C10: Btl | D10: Gdg. Induk | E10: Obat | F10: Insektisida | G10: Abenz 22 EC | H10: 2008 | I10: 8 | J10: ADV117V049 | K10: 45146 | L10: 46844 | M10: Obat | P10: Abenz 22 EC 40 X 250 ml | Q10: Obat | S10: Abenz 22 EC 40 X 250 ml | T10: 46844 | U10: 0 | V10: 8 | W10: Obat
A11: QABEN02 | B11: Abenz 22 EC 40 X 250 ml | C11: Btl | D11: Gdg. Induk | E11: Obat | F11: Insektisida | G11: Abenz 22 EC | H11: 2008 | I11: 2000 | J11: ADV261V050 | K11: 45205 | L11: 46997 | M11: Obat | P11: Abenz 22 EC 40 X 250 ml | Q11: Obat | S11: Abenz 22 EC 40 X 250 ml | T11: 46997 | U11: 0 | V11: 2000 | W11: Obat
A12: QABOJ02 | B12: Abojo 60 WP 10 X 20 X 50 gr | C12: Pack | D12: Gdg. Induk | E12: Obat | F12: Moluskisida | G12: Abojo 60 WP | H12: 3488 | I12: 3488 | J12: ADV1200190124 | K12: 45409 | L12: 47119 | M12: Obat | P12: Abojo 60 WP 10 X 20 X 50 gr | Q12: Obat | S12: Abojo 60 WP 10 X 20 X 50 gr | T12: 47119 | U12: 0 | V12: 3488 | W12: Obat
A13: QABOJ01 | B13: Abojo 60 WP 100 X 100 gr | C13: Pack | D13: Gdg. Induk | E13: Obat | F13: Moluskisida | G13: Abojo 60 WP | H13: 2594 | I13: 2594 | J13: ADV0840270823 | K13: 45287 | L13: 46966 | M13: Obat | P13: Abojo 60 WP 100 X 100 gr | Q13: Obat | S13: Abojo 60 WP 100 X 100 gr | T13: 46966 | U13: 0 | V13: 2594 | W13: Obat
A14: QACAP02 | B14: Acapela System 280 SC 50 X 100 ml | C14: Btl | D14: Gdg. Induk | E14: Obat | F14: Insektisida | G14: Acapela System 280 SC | H14: 3273 | I14: 3273 | J14: C668N23003 | K14: 45317 | L14: 45689 | M14: Obat | P14: Abojo 60 WP 100 X 100 gr | Q14: Obat | S14: Acapela System 280 SC 50 X 100 ml | T14: 45689 | U14: 0 | V14: 3273 | W14: Obat
A15: AACCO03 | B15: Accora 100 EC 15 X 1 ltr (Sample) | C15: Btl | D15: Gdg. Induk | E15: No Group | F15: No Group | G15: No Group | H15: 1 | I15: 1 | J15: 2020 | K15: 44783 | L15: 45658 | M15: Sample | P15: Acapela System 280 SC 50 X 100 ml | Q15: Obat | S15: Accora 100 EC 15 X 1 ltr (Sample) | T15: 45658 | U15: 0 | V15: 1 | W15: Sample
A16: QACCO01 | B16: Accora 100 EC 20 X 500 ml | C16: Btl | D16: Gdg. Induk | E16: Obat | F16: Insektisida | G16: Accora 100 EC | H16: 115 | I16: 115 | J16: 2029 | K16: 44651 | L16: 46054 | M16: Obat | P16: Accora 100 EC 15 X 1 ltr (Sample) | Q16: Sample | S16: Accora 100 EC 20 X 500 ml | T16: 46054 | U16: 0 | V16: 115 | W16: Obat
A17: AACCU01 | B17: Accu Kayaba Kering 12A - 12 Volt | C17: Pcs | D17: Gdg. Induk | E17: Sarana Pertanian | F17: Sarana Pertanian | G17: No Group | H17: 1 | I17: 1 | J17: 0 | K17: 1/1/1000 | L17: 1/1/1000 | M17: Sparepart | P17: Accora 100 EC 20 X 500 ml | Q17: Obat | S17: Accu Kayaba Kering 12A - 12 Volt | T17: 1/1/1000 | U17: 0 | V17: 1 | W17: Sparepart
A18: QACCU05 | B18: Accu Sprayer Elektrik 5L 12V 1.3A | C18: Pcs | D18: Gdg. Induk | E18: No Group | F18: No Group | G18: No Group | H18: 85 | I18: 85 | J18: 0 | K18: 45341 | L18: 1/1/1000 | M18: Sarana Promosi | P18: Accu Kayaba Kering 12A - 12 Volt | Q18: Sparepart | S18: Accu Sprayer Elektrik 5L 12V 1.3A | T18: 1/1/1000 | U18: 0 | V18: 85 | W18: Sarana Promosi
A19: QACEO02 | B19: Ace One 75 SP 25 X 400 gr | C19: Pack | D19: Gdg. Induk | E19: Obat | F19: Insektisida | G19: Ace One 75 SP | H19: 2973 | I19: 1048 | J19: 23121801 | K19: 45300 | L19: 47058 | M19: Obat | P19: Accu Sprayer Elektrik 5L 12V 1.3A | Q19: Sarana Promosi | S19: Ace One 75 SP 25 X 400 gr | T19: 47058 | U19: 0 | V19: 1048 | W19: Obat
A20: QACEO02 | B20: Ace One 75 SP 25 X 400 gr | C20: Pack | D20: Gdg. Induk | E20: Obat | F20: Insektisida | G20: Ace One 75 SP | H20: 2973 | I20: 1925 | J20: 24031301 | K20: 45436 | L20: 47150 | M20: Obat | P20: Ace One 75 SP 25 X 400 gr | Q20: Obat | S20: Ace One 75 SP 25 X 400 gr | T20: 47150 | U20: 0 | V20: 1925 | W20: Obat
A21: QACEO04 | B21: Ace One 75 SP 50 X 100 gr | C21: Pack | D21: Gdg. Induk | E21: Obat | F21: Insektisida | G21: Ace One 75 SP | H21: 1383 | I21: 3 | J21: 23092601 | K21: 45300 | L21: 46966 | M21: Obat | P21: Ace One 75 SP 25 X 400 gr | Q21: Obat | S21: Ace One 75 SP 50 X 100 gr | T21: 46966 | U21: 0 | V21: 3 | W21: Obat
A22: QACEO04 | B22: Ace One 75 SP 50 X 100 gr | C22: Pack | D22: Gdg. Induk | E22: Obat | F22: Insektisida | G22: Ace One 75 SP | H22: 1383 | I22: 1380 | J22: 23122704 | K22: 45369 | L22: 47058 | M22: Obat | P22: Ace One 75 SP 50 X 100 gr | Q22: Obat | S22: Ace One 75 SP 50 X 100 gr | T22: 47058 | U22: 0 | V22: 1380 | W22: Obat
A23: QACHL01 | B23: Achlor 4/36 WP 60 X 100 gr | C23: Pack | D23: Gdg. Induk | E23: Obat | F23: Herbisida | G23: Achlor 47/36 WP | H23: 120 | I23: 120 | J23: ADV095A001 | K23: 45075 | L23: 46478 | M23: obat | P23: Ace One 75 SP 50 X 100 gr | Q23: Obat | S23: Achlor 4/36 WP 60 X 100 gr | T23: 46478 | U23: 0 | V23: 120 | W23: obat
A24: QACL02 | B24: ACL 6 865 SL 25 X 400 ml | C24: Btl | D24: Gdg. Induk | E24: Obat | F24: Herbisida | G24: ACL 6 865 SL | H24: 171 | I24: 42 | J24: 601220907016 | K24: 45309 | L24: 46631 | M24: Obat | P24: Achlor 4/36 WP 60 X 100 gr | Q24: obat | S24: ACL 6 865 SL 25 X 400 ml | T24: 46631 | U24: 0 | V24: 171 | W24: Obat
A25: QACL02 | B25: ACL 6 865 SL 25 X 400 ml | C25: Btl | D25: Gdg. Induk | E25: Obat | F25: Herbisida | G25: ACL 6 865 SL | H25: 171 | I25: 129 | J25: 601000000000 | K25: 44859 | L25: 46631 | M25: Obat | P25: ACL 6 865 SL 25 X 400 ml | Q25: Obat | S25: ACL 6 865 SL 50 X 200 ml | T25: 46600 | U25: 0 | V25: 572 | W25: Obat
A26: QACL01 | B26: ACL 6 865 SL 50 X 200 ml | C26: Btl | D26: Gdg. Induk | E26: Obat | F26: Herbisida | G26: ACL 6 865 SL | H26: 572 | I26: 43 | J26: 601220807018 | K26: 45309 | L26: 46600 | M26: Obat | P26: ACL 6 865 SL 25 X 400 ml | Q26: Obat | S26: Acrobat WP 20 X 6 X 40 gr | T26: 46113 | U26: 0 | V26: 7423 | W26: Obat
A27: QACL01 | B27: ACL 6 865 SL 50 X 200 ml | C27: Btl | D27: Gdg. Induk | E27: Obat | F27: Herbisida | G27: ACL 6 865 SL | H27: 572 | I27: 529 | J27: 601000000000 | K27: 44859 | L27: 46600 | M27: Obat | P27: ACL 6 865 SL 50 X 200 ml | Q27: Obat | S27: Adrift 125 EC 40 X 250 ml | T27: 45597 | U27: 0 | V27: 230 | W27: Obat
A28: QACRO03 | B28: Acrobat WP 20 X 6 X 40 gr | C28: Pack | D28: Gdg. Induk | E28: Obat | F28: Fungisida | G28: Acrobat 50 WP | H28: 7423 | I28: 103 | J28: 2405Q01003 | K28: 45379 | L28: 46113 | M28: Obat | P28: ACL 6 865 SL 50 X 200 ml | Q28: Obat | S28: Adrift 125 EC 50 X 100 ml | T28: 45597 | U28: 0 | V28: 104 | W28: Obat
A29: QACRO03 | B29: Acrobat WP 20 X 6 X 40 gr | C29: Pack | D29: Gdg. Induk | E29: Obat | F29: Fungisida | G29: Acrobat 50 WP | H29: 7423 | I29: 7320 | J29: 2405Q02001 | K29: 45379 | L29: 46113 | M29: Obat | P29: Acrobat WP 20 X 6 X 40 gr | Q29: Obat | S29: Afonil 50 SC 100 X 100 ml | T29: 45689 | U29: 0 | V29: 1800 | W29: Obat
A30: QADRI02 | B30: Adrift 125 EC 40 X 250 ml | C30: Btl | D30: Gdg. Induk | E30: Obat | F30: Fungisida | G30: Adrift 125 EC | H30: 230 | I30: 230 | J30: 6833 | K30: 45140 | L30: 45597 | M30: Obat | P30: Acrobat WP 20 X 6 X 40 gr | Q30: Obat | S30: Afonil 50 SC 100 X 50 ml | T30: 45717 | U30: 0 | V30: 2165 | W30: Obat
A31: QADRI01 | B31: Adrift 125 EC 50 X 100 ml | C31: Btl | D31: Gdg. Induk | E31: Obat | F31: Fungisida | G31: Adrift 125 EC | H31: 104 | I31: 104 | J31: 6833 | K31: 45140 | L31: 45597 | M31: Obat | P31: Adrift 125 EC 40 X 250 ml | Q31: Obat | S31: Afonil 50 SC 20 X 500 ml | T31: 45597 | U31: 0 | V31: 198 | W31: Obat
A32: QAFON04 | B32: Afonil 50 SC 100 X 100 ml | C32: Btl | D32: Gdg. Induk | E32: Obat | F32: Insektisida | G32: Afonil 50 SC | H32: 1800 | I32: 1800 | J32: 2202003 | K32: 44655 | L32: 45689 | M32: Obat | P32: Adrift 125 EC 50 X 100 ml | Q32: Obat | S32: Afonil 50 SC 40 X 250 ml | T32: 45597 | U32: 0 | V32: 15 | W32: Obat
A33: QAFON03 | B33: Afonil 50 SC 100 X 50 ml | C33: Btl | D33: Gdg. Induk | E33: Obat | F33: Insektisida | G33: Afonil 50 SC | H33: 2165 | I33: 2165 | J33: ADV074A001 | K33: 44655 | L33: 45717 | M33: Obat | P33: Afonil 50 SC 100 X 100 ml | Q33: Obat | S33: Afonil 50 SC 40 X 250 ml | T33: 46631 | U33: 0 | V33: 819 | W33: Obat
A34: QAFON01 | B34: Afonil 50 SC 20 X 500 ml | C34: Btl | D34: Gdg. Induk | E34: Obat | F34: Insektisida | G34: Afonil 50 SC | H34: 198 | I34: 198 | J34: 2111004 | K34: 44531 | L34: 45597 | M34: Obat | P34: Afonil 50 SC 100 X 50 ml | Q34: Obat | S34: Agapro 214/66 SL 40 X 200 ml | T34: 47027 | U34: 0 | V34: 640 | W34: Obat
A35: AAFON01 | B35: Afonil 50 SC 40 X 250 ml | C35: Btl | D35: Gdg. Induk | E35: Obat | F35: Insektisida | G35: Afonil 50 SC | H35: 188 | I35: 15 | J35: 2111055 | K35: 44849 | L35: 45597 | M35: Obat | P35: Afonil 50 SC 20 X 500 ml | Q35: Obat | S35: Agapro 214/66 SL 50 X 80 ml | T35: 47027 | U35: 0 | V35: 800 | W35: Obat
A36: AAFON01 | B36: Afonil 50 SC 40 X 250 ml | C36: Btl | D36: Gdg. Induk | E36: Obat | F36: Insektisida | G36: Afonil 50 SC | H36: 188 | I36: 173 | J36: 2103001 | K36: 45414 | L36: 46631 | M36: Obat | P36: Afonil 50 SC 40 X 250 ml | Q36: Obat | S36: Agil 100 EC 100 X 100 ml | T36: 47058 | U36: 0 | V36: 700 | W36: Obat
A37: QAFON02 | B37: Afonil 50 SC 40 X 250 ml | C37: Btl | D37: Gdg. Induk | E37: Obat | F37: Insektisida | G37: Afonil 50 SC | H37: 646 | I37: 209 | J37: 2009002 | K37: 45414 | L37: 46631 | M37: Obat | P37: Afonil 50 SC 40 X 250 ml | Q37: Obat | S37: Agil 100 EC 100 X 100 ml | T37: 47027 | U37: 0 | V37: 1500 | W37: Obat
A38: QAFON02 | B38: Afonil 50 SC 40 X 250 ml | C38: Btl | D38: Gdg. Induk | E38: Obat | F38: Insektisida | G38: Afonil 50 SC | H38: 646 | I38: 437 | J38: 2103001 | K38: 45414 | L38: 46631 | M38: Obat | P38: Afonil 50 SC 40 X 250 ml | Q38: Obat | S38: Agil 100 EC 100 X 100 ml | T38: 46966 | U38: 0 | V38: 3005 | W38: Obat
A39: QAGAP02 | B39: Agapro 214/66 SL 40 X 200 ml | C39: Btl | D39: Gdg. Induk | E39: No Group | F39: No Group | G39: No Group | H39: 640 | I39: 640 | J39: 7733W3001 | K39: 45345 | L39: 47027 | M39: Obat | P39: Afonil 50 SC 40 X 250 ml | Q39: Obat | S39: Agil 100 EC 40 X 250 ml | T39: 47088 | U39: 0 | V39: 22 | W39: Obat
A40: QAGAP01 | B40: Agapro 214/66 SL 50 X 80 ml | C40: Btl | D40: Gdg. Induk | E40: No Group | F40: No Group | G40: No Group | H40: 800 | I40: 800 | J40: 78473W3001 | K40: 45345 | L40: 47027 | M40: Obat | P40: Agapro 214/66 SL 40 X 200 ml | Q40: Obat | S40: Agil 100 EC 40 X 250 ml | T40: 47209 | U40: 0 | V40: 3600 | W40: Obat
A41: QAGIL01 | B41: Agil 100 EC 100 X 100 ml | C41: Btl | D41: Gdg. Induk | E41: Obat | F41: Herbisida | G41: Agil 100 EC | H41: 5205 | I41: 100 | J41: 23065761 | K41: 45463 | L41: 47058 | M41: Obat | P41: Agapro 214/66 SL 50 X 80 ml | Q41: Obat | S41: Agridex 715 EC 12 X 1 ltr | T41: 46419 | U41: 0 | V41: 4 | W41: Obat
A42: QAGIL01 | B42: Agil 100 EC 100 X 100 ml | C42: Btl | D42: Gdg. Induk | E42: Obat | F42: Herbisida | G42: Agil 100 EC | H42: 5205 | I42: 600 | J42: 23065760 | K42: 45418 | L42: 47058 | M42: Obat | P42: Agil 100 EC 100 X 100 ml | Q42: Obat | S42: Agridex 715 EC 12 X 1 ltr | T42: 46692 | U42: 0 | V42: 168 | W42: Obat
A43: QAGIL01 | B43: Agil 100 EC 100 X 100 ml | C43: Btl | D43: Gdg. Induk | E43: Obat | F43: Herbisida | G43: Agil 100 EC | H43: 5205 | I43: 1500 | J43: 23065760 | K43: 45418 | L43: 47027 | M43: Obat | P43: Agil 100 EC 100 X 100 ml | Q43: Obat | S43: Agridex 715 EC 12 X 1 ltr | T43: 46844 | U43: 0 | V43: 2400 | W43: Obat
A44: QAGIL01 | B44: Agil 100 EC 100 X 100 ml | C44: Btl | D44: Gdg. Induk | E44: Obat | F44: Herbisida | G44: Agil 100 EC | H44: 5205 | I44: 3005 | J44: 23035758 | K44: 45219 | L44: 46966 | M44: Obat | P44: Agil 100 EC 100 X 100 ml | Q44: Obat | S44: Agrimec 18 EC 40 X 250 ml | T44: 46419 | U44: 0 | V44: 8000 | W44: Obat
A45: QAGIL02 | B45: Agil 100 EC 40 X 250 ml | C45: Btl | D45: Gdg. Induk | E45: Obat | F45: Herbisida | G45: Agil 100 EC | H45: 3622 | I45: 22 | J45: 23065761 | K45: 45405 | L45: 47088 | M45: Obat | P45: Agil 100 EC 100 X 100 ml | Q45: Obat | S45: Agrimec 18 EC 40 X 250 ml | T45: 46296 | U45: 0 | V45: 4517 | W45: Obat
A46: QAGIL02 | B46: Agil 100 EC 40 X 250 ml | C46: Btl | D46: Gdg. Induk | E46: Obat | F46: Herbisida | G46: Agil 100 EC | H46: 3622 | I46: 3600 | J46: 23105762 | K46: 45448 | L46: 47209 | M46: Obat | P46: Agil 100 EC 40 X 250 ml | Q46: Obat | S46: Agristik 400 L 12 X 1 ltr | T46: 45839 | U46: 0 | V46: 10 | W46: Obat
A47: QAGRI06 | B47: Agridex 715 EC 12 X 1 ltr | C47: Btl | D47: Gdg. Induk | E47: Obat | F47: Perata | G47: Agridex 715 EC | H47: 2572 | I47: 4 | J47: PI41003310 | K47: 45010 | L47: 46419 | M47: Obat | P47: Agil 100 EC 40 X 250 ml | Q47: Obat | S47: Agristik 400 L 12 X 1 ltr | T47: 46113 | U47: 0 | V47: 720 | W47: Obat
A48: QAGRI06 | B48: Agridex 715 EC 12 X 1 ltr | C48: Btl | D48: Gdg. Induk | E48: Obat | F48: Perata | G48: Agridex 715 EC | H48: 2572 | I48: 168 | J48: PI41003524 | K48: 45371 | L48: 46692 | M48: Obat | P48: Agridex 715 EC 12 X 1 ltr | Q48: Obat | S48: Agrogib 40 SL 30 X 15 X 35 ml | T48: 47178 | U48: 0 | V48: 4834 | W48: Obat
A49: QAGRI06 | B49: Agridex 715 EC 12 X 1 ltr | C49: Btl | D49: Gdg. Induk | E49: Obat | F49: Perata | G49: Agridex 715 EC | H49: 2572 | I49: 2400 | J49: PI43004064 | K49: 45436 | L49: 46844 | M49: Obat | P49: Agridex 715 EC 12 X 1 ltr | Q49: Obat | S49: Agus 500 SC 100 X 100 ml | T49: 46388 | U49: 0 | V49: 2445 | W49: Obat
A50: QAGRI07 | B50: Agrimec 18 EC 40 X 250 ml | C50: Btl | D50: Gdg. Induk | E50: Obat | F50: Insektisida | G50: Agrimec 18 EC | H50: 10517 | I50: 720 | J50: JAK4B1132X | K50: 45461 | L50: 46419 | M50: Obat | P50: Agridex 715 EC 12 X 1 ltr | Q50: Obat | S50: Agus 500 SC 100 X 100 ml | T50: 46447 | U50: 0 | V50: 15000 | W50: Obat
A51: QAGRI07 | B51: Agrimec 18 EC 40 X 250 ml | C51: Btl | D51: Gdg. Ttp Sales | E51: Obat | F51: Insektisida | G51: Agrimec 18 EC | H51: 2000 | I51: 2000 | J51: JAK4B1132X | K51: 45461 | L51: 46419 | M51: Obat | P51: Agrimec 18 EC 40 X 250 ml | Q51: Obat | S51: Agus 500 SC 40 X 250 ml | T51: 46388 | U51: 0 | V51: 1808 | W51: Obat
A52: QAGRI07 | B52: Agrimec 18 EC 40 X 250 ml | C52: Btl | D52: Gdg. Induk | E52: Obat | F52: Insektisida | G52: Agrimec 18 EC | H52: 10517 | I52: 4517 | J52: JAK3J1041X | K52: 45299 | L52: 46296 | M52: Obat | P52: Agrimec 18 EC 40 X 250 ml | Q52: Obat | S52: Agus 500 SC 40 X 250 ml | T52: 46447 | U52: 0 | V52: 10360 | W52: Obat
A53: QAGRI07 | B53: Agrimec 18 EC 40 X 250 ml | C53: Btl | D53: Gdg. Induk | E53: Obat | F53: Insektisida | G53: Agrimec 18 EC | H53: 10517 | I53: 5280 | J53: JAK4B1122X | K53: 45461 | L53: 46419 | M53: Obat | P53: Agrimec 18 EC 40 X 250 ml | Q53: Obat | S53: Ajin 70 WP 20 X 20 X 25 gr | T53: 46539 | U53: 0 | V53: 4953 | W53: Obat
A54: QAGRI04 | B54: Agristik 400 L 12 X 1 ltr | C54: Btl | D54: Gdg. Induk | E54: Obat | F54: Perata & Perekat | G54: Agristik 400 L | H54: 730 | I54: 10 | J54: PI43003850 | K54: 45138 | L54: 45839 | M54: Obat | P54: Agrimec 18 EC 40 X 250 ml | Q54: Obat | S54: Akalis 550 SC 10 X 1 ltr | T54: 45717 | U54: 0 | V54: 428 | W54: Obat
A55: QAGRI04 | B55: Agristik 400 L 12 X 1 ltr | C55: Btl | D55: Gdg. Induk | E55: Obat | F55: Perata & Perekat | G55: Agristik 400 L | H55: 730 | I55: 720 | J55: PI42002981 | K55: 45408 | L55: 46113 | M55: Obat | P55: Agristik 400 L 12 X 1 ltr | Q55: Obat | S55: Akalis 550 SC 10 X 1 ltr | T55: 46266 | U55: 0 | V55: 500 | W55: Obat
A56: QAGRO02 | B56: Agrogib 40 SL 30 X 15 X 35 ml | C56: Btl | D56: Gdg. Induk | E56: Obat | F56: ZPT | G56: Agrogib 40 SL | H56: 4834 | I56: 4834 | J56: 24GAT0311 | K56: 45370 | L56: 47178 | M56: Obat | P56: Agristik 400 L 12 X 1 ltr | Q56: Obat | S56: Akalis 550 SC 20 X 500 ml | T56: 46631 | U56: 0 | V56: 180 | W56: Obat
A57: QAGUS01 | B57: Agus 500 SC 100 X 100 ml | C57: Btl | D57: Gdg. Induk | E57: Obat | F57: Insektisida | G57: Agus 500 SC | H57: 17445 | I57: 2445 | J57: ADV030E046 | K57: 45349 | L57: 46388 | M57: Obat | P57: Agrogib 40 SL 30 X 15 X 35 ml | Q57: Obat | S57: Akalis 550 SC 20 X 500 ml | T57: 46357 | U57: 0 | V57: 565 | W57: Obat
A58: QAGUS01 | B58: Agus 500 SC 100 X 100 ml | C58: Btl | D58: Gdg. Induk | E58: Obat | F58: Insektisida | G58: Agus 500 SC | H58: 17445 | I58: 15000 | J58: ADV088E047 | K58: 45402 | L58: 46447 | M58: Obat | P58: Agus 500 SC 100 X 100 ml | Q58: Obat | S58: Akalis 550 SC 40 X 250 ml | T58: 45717 | U58: 0 | V58: 1793 | W58: Obat
... A60: QAGUS02 | B60: Agus 500 SC 40 X 250 ml | C60: Btl | D60: Gdg. Induk | E60: Obat | F60: Insektisida | G60: Agus 500 SC | H60: 12168 | I60: 10360 | J60: ADV089E052 | K60: 45402 | L60: 46447 | M60: Obat | P60: Agus 500 SC 40 X 250 ml | Q60: Obat | S60: Akrostar 40 WP 60 X 40 gr | T60: 46174 | U60: 0 | V60: 649 | W60: Obat
A61: QAJIN01 | B61: Ajin 70 WP 20 X 20 X 25 gr | C61: Pack | D61: Gdg. Induk | E61: Obat | F61: Insektisida | G61: Ajin 70 WP | H61: 4953 | I61: 4953 | J61: ADVA0015 | K61: 44830 | L61: 46539 | M61: Obat | P61: Agus 500 SC 40 X 250 ml | Q61: Obat | S61: Alat Kocor Pupuk Cair Jitu 20 Ltr | T61: 1/1/1000 | U61: 0 | V61: 1 | W61: Sarana Pertanian
A62: QAKAL01 | B62: Akalis 550 SC 10 X 1 ltr | C62: Btl | D62: Gdg. Induk | E62: Obat | F62: Herbisida | G62: Akalis 550 SC | H62: 928 | I62: 3 | J62: ADV078A01 | K62: 44869 | L62: 45717 | M62: Obat | P62: Ajin 70 WP 20 X 20 X 25 gr | Q62: Obat | S62: Alat Kocor Pupuk Cair Quda Karisma | T62: 1/1/1000 | U62: 0 | V62: 63 | W62: Sarana Pertanian
A63: QAKAL01 | B63: Akalis 550 SC 10 X 1 ltr | C63: Btl | D63: Gdg. Induk | E63: Obat | F63: Herbisida | G63: Akalis 550 SC | H63: 928 | I63: 425 | J63: ADV077A005 | K63: 44869 | L63: 45717 | M63: Obat | P63: Akalis 550 SC 10 X 1 ltr | Q63: Obat | S63: Alat Kocor Pupuk Padat Quda Karisma | T63: 1/1/1000 | U63: 0 | V63: 1 | W63: Sarana Pertanian
A64: QAKAL01 | B64: Akalis 550 SC 10 X 1 ltr | C64: Btl | D64: Gdg. Induk | E64: Obat | F64: Herbisida | G64: Akalis 550 SC | H64: 928 | I64: 500 | J64: ADV08600909 | K64: 45327 | L64: 46266 | M64: Obat | P64: Akalis 550 SC 10 X 1 ltr | Q64: Obat | S64: Alat Kocor Pupuk Padat Satagro 25 ltr | T64: 1/1/1000 | U64: 0 | V64: 80 | W64: Sarana Pertanian
A65: QAKAL02 | B65: Akalis 550 SC 20 X 500 ml | C65: Btl | D65: Gdg. Induk | E65: Obat | F65: Herbisida | G65: Akalis 550 SC | H65: 745 | I65: 180 | J65: ADV3451013 | K65: 45414 | L65: 46631 | M65: Obat | P65: Akalis 550 SC 10 X 1 ltr | Q65: Obat | S65: Alat Pengikat Tanaman Yoto | T65: 1/1/1000 | U65: 0 | V65: 20 | W65: Sarana Pertanian
A66: QAKAL02 | B66: Akalis 550 SC 20 X 500 ml | C66: Btl | D66: Gdg. Induk | E66: Obat | F66: Herbisida | G66: Akalis 550 SC | H66: 745 | I66: 565 | J66: ADV1100141223 | K66: 45360 | L66: 46357 | M66: Obat | P66: Akalis 550 SC 20 X 500 ml | Q66: Obat | S66: Alat Service YT 5L / 7L | T66: 1/1/1000 | U66: 0 | V66: 20 | W66: Sparepart
A67: QAKAL03 | B67: Akalis 550 SC 40 X 250 ml | C67: Btl | D67: Gdg. Induk | E67: Obat | F67: Herbisida | G67: Akalis 550 SC | H67: 1793 | I67: 1793 | J67: ADV075A007 | K67: 44655 | L67: 45717 | M67: Obat | P67: Akalis 550 SC 20 X 500 ml | Q67: Obat | S67: Alat Tanam Jagung 1 Output Satagro MTB-006 6 X 1 pcs | T67: 1/1/1000 | U67: 0 | V67: 368 | W67: Sarana Pertanian
A68: QAKRO02 | B68: Akrostar 40 WP 100 X 100 gr | C68: Pack | D68: Gdg. Induk | E68: Obat | F68: Fungisida | G68: Akrostar 40 WP | H68: 840 | I68: 840 | J68: 12152901 | K68: 45206 | L68: 45901 | M68: Obat | P68: Akalis 550 SC 40 X 250 ml | Q68: Obat | S68: Alat Tanam Roll MTB-008 SS | T68: 1/1/1000 | U68: 0 | V68: 110 | W68: Sarana Pertanian
A69: QAKRO01 | B69: Akrostar 40 WP 60 X 40 gr | C69: Pack | D69: Gdg. Induk | E69: Obat | F69: Fungisida | G69: Akrostar 40 WP | H69: 649 | I69: 649 | J69: 11213101 | K69: 45299 | L69: 46174 | M69: Obat | P69: Akrostar 40 WP 100 X 100 gr | Q69: Obat | S69: Alat Tanam Roll MTB-010 SS | T69: 1/1/1000 | U69: 0 | V69: 35 | W69: Sarana Pertanian
A70: QALAT09 | B70: Alat Kocor Pupuk Cair Jitu 20 Ltr | C70: Pcs | D70: Gdg. Rusak | E70: Sarana Pertanian | F70: Alat Kocor Pupuk | G70: Alat Kocor Pupuk | H70: 1 | I70: 1 | J70: 0 | K70: 1/1/1000 | L70: 1/1/1000 | M70: Sarana Pertanian | P70: Akrostar 40 WP 60 X 40 gr | Q70: Obat | S70: Alfatox 50 EC 20 X 400 ml (AGM) | T70: 47088 | U70: 0 | V70: 15 | W70: Obat
A71: QALAT07 | B71: Alat Kocor Pupuk Cair Quda Karisma | C71: Pcs | D71: Gdg. Induk | E71: Sarana Pertanian | F71: Alat Kocor Pupuk | G71: Alat Kocor Pupuk | H71: 63 | I71: 63 | J71: 0 | K71: 1/1/1000 | L71: 1/1/1000 | M71: Sarana Pertanian | P71: Alat Kocor Pupuk Cair Jitu 20 Ltr | Q71: Sarana Pertanian | S71: Alfatox 50 EC 20 X 400 ml (AGM) | T71: 47178 | U71: 0 | V71: 1980 | W71: Obat
A72: QALAT06 | B72: Alat Kocor Pupuk Padat Quda Karisma | C72: Pcs | D72: Gdg. Rusak | E72: Sarana Pertanian | F72: Alat Kocor Pupuk | G72: Alat Kocor Pupuk | H72: 1 | I72: 1 | J72: 0 | K72: 1/1/1000 | L72: 1/1/1000 | M72: Sarana Pertanian | P72: Alat Kocor Pupuk Cair Quda Karisma | Q72: Sarana Pertanian | S72: Alfatox 50 EC 40 X 200 ml (AGM) | T72: 46905 | U72: 0 | V72: 303 | W72: Obat
A73: QALAT19 | B73: Alat Kocor Pupuk Padat Satagro 25 ltr | C73: Pcs | D73: Gdg. Induk | E73: Sarana Pertanian | F73: Sarana Pertanian | G73: Alat Kocor Pupuk | H73: 80 | I73: 80 | J73: 0 | K73: 45308 | L73: 1/1/1000 | M73: Sarana Pertanian | P73: Alat Kocor Pupuk Padat Quda Karisma | Q73: Sarana Pertanian | S73: Alfatox 50 EC 40 X 200 ml (AGM) | T73: 47088 | U73: 0 | V73: 3400 | W73: Obat
A74: QALAT20 | B74: Alat Pengikat Tanaman Yoto | C74: Pcs | D74: Gdg. Induk | E74: No Group | F74: No Group | G74: No Group | H74: 20 | I74: 20 | J74: 0 | K74: 45412 | L74: 1/1/1000 | M74: Sarana Pertanian | P74: Alat Kocor Pupuk Padat Satagro 25 ltr | Q74: Sarana Pertanian | S74: Alfatox 50 EC 50 X 80 ml (AGM) | T74: 47178 | U74: 0 | V74: 5644 | W74: Obat
A75: QALAT16 | B75: Alat Service YT 5L / 7L | C75: Pcs | D75: Gdg. Induk | E75: Sarana Pertanian | F75: Sarana Pertanian | G75: Alat Service YT 5L | H75: 20 | I75: 20 | J75: 0 | K75: 1/1/1000 | L75: 1/1/1000 | M75: Sparepart | P75: Alat Pengikat Tanaman Yoto | Q75: Sarana Pertanian | S75: Alika 247 ZC 100 X 50 ml | T75: 45839 | U75: 0 | V75: 957 | W75: Obat
A76: QALAT15 | B76: Alat Tanam Jagung 1 Output Satagro MTB-006 6 X 1 pcs | C76: Pcs | D76: Gdg. Induk | E76: Sarana Pertanian | F76: Alat Tanam Jagung | G76: Alat Tanam Jagung | H76: 368 | I76: 368 | J76: 0 | K76: 1/1/1000 | L76: 1/1/1000 | M76: Sarana Pertanian | P76: Alat Service YT 5L / 7L | Q76: Sparepart | S76: Alika 247 ZC 40 X 250 ml | T76: 45839 | U76: 0 | V76: 28 | W76: Obat
A77: QALAT17 | B77: Alat Tanam Roll MTB-008 SS | C77: Pcs | D77: Gdg. Induk | E77: Sarana Pertanian | F77: Alat Tanam Jagung | G77: Alat Tanam Roll | H77: 110 | I77: 110 | J77: 0 | K77: 1/1/1000 | L77: 1/1/1000 | M77: Sarana Pertanian | P77: Alat Tanam Jagung 1 Output Satagro MTB-006 6 X 1 pcs | Q77: Sarana Pertanian | S77: Alika 247 ZC 40 X 250 ml | T77: 45809 | U77: 0 | V77: 2131 | W77: Obat
A78: QALAT18 | B78: Alat Tanam Roll MTB-010 SS | C78: Pcs | D78: Gdg. Induk | E78: Sarana Pertanian | F78: Alat Tanam Jagung | G78: Alat Tanam Roll | H78: 35 | I78: 35 | J78: 0 | K78: 1/1/1000 | L78: 1/1/1000 | M78: Sarana Pertanian | P78: Alat Tanam Roll MTB-008 SS | Q78: Sarana Pertanian | S78: Alika 247 ZC 50 X 100 ml | T78: 45809 | U78: 0 | V78: 48 | W78: Obat
A79: QALFA01 | B79: Alfatox 50 EC 20 X 400 ml (AGM) | C79: Btl | D79: Gdg. Induk | E79: Obat | F79: Insektisida | G79: Alfatox 50 EC | H79: 1995 | I79: 15 | J79: 63423W5015 | K79: 45299 | L79: 47088 | M79: Obat | P79: Alat Tanam Roll MTB-010 SS | Q79: Sarana Pertanian | S79: Alika 247 ZC 50 X 100 ml | T79: 45839 | U79: 0 | V79: 6050 | W79: Obat
A80: QALFA01 | B80: Alfatox 50 EC 20 X 400 ml (AGM) | C80: Btl | D80: Gdg. Induk | E80: Obat | F80: Insektisida | G80: Alfatox 50 EC | H80: 1995 | I80: 1980 | J80: 63342Y7018 | K80: 45376 | L80: 47178 | M80: Obat | P80: Alfatox 50 EC 20 X 400 ml (AGM) | Q80: Obat | S80: Amabas 500 EC 16 X 1 ltr | T80: 47150 | U80: 0 | V80: 13 | W80: Obat
A81: QALFA02 | B81: Alfatox 50 EC 40 X 200 ml (AGM) | C81: Btl | D81: Gdg. Induk | E81: Obat | F81: Insektisida | G81: Alfatox 50 EC | H81: 3703 | I81: 303 | J81: 63402W9011 | K81: 45154 | L81: 46905 | M81: Obat | P81: Alfatox 50 EC 20 X 400 ml (AGM) | Q81: Obat | S81: Amabas 500 EC 16 X 1 ltr | T81: 47178 | U81: 0 | V81: 16 | W81: Obat
A82: QALFA02 | B82: Alfatox 50 EC 40 X 200 ml (AGM) | C82: Btl | D82: Gdg. Induk | E82: Obat | F82: Insektisida | G82: Alfatox 50 EC | H82: 3703 | I82: 3400 | J82: 63483W5014 | K82: 45436 | L82: 47088 | M82: Obat | P82: Alfatox 50 EC 40 X 200 ml (AGM) | Q82: Obat | S82: Amabas 500 EC 16 X 1 ltr | T82: 47209 | U82: 0 | V82: 1568 | W82: Obat
A83: QALFA04 | B83: Alfatox 50 EC 50 X 80 ml (AGM) | C83: Btl | D83: Gdg. Induk | E83: Obat | F83: Insektisida | G83: Alfatox 50 EC | H83: 5644 | I83: 5644 | J83: 63392Y7016 | K83: 45436 | L83: 47178 | M83: Obat | P83: Alfatox 50 EC 40 X 200 ml (AGM) | Q83: Obat | S83: Amabas 500 EC 20 X 400 ml | T83: 47209 | U83: 0 | V83: 517 | W83: Obat
A84: QALIK01 | B84: Alika 247 ZC 100 X 50 ml | C84: Btl | D84: Gdg. Induk | E84: Obat | F84: Insektisida | G84: Alika 247 ZC | H84: 705 | I84: 5 | J84: JAK3G2E034 | K84: 45272 | L84: 45839 | M84: Obat | P84: Alfatox 50 EC 50 X 80 ml (AGM) | Q84: Obat | S84: Amazone 80 EC 40 X 200 ml | T84: 46997 | U84: 0 | V84: 532 | W84: Obat
A85: AALIK03 | B85: Alika 247 ZC 100 X 50 ml | C85: Btl | D85: Gdg. Induk | E85: Obat | F85: Insektisida | G85: Alika 247 ZC | H85: 252 | I85: 252 | J85: JAK2G00289 | K85: 45068 | L85: 45839 | M85: Obat | P85: Alika 247 ZC 100 X 50 ml | Q85: Obat | S85: Ambest 100 ME 40 X 250 ml | T85: 46753 | U85: 0 | V85: 211 | W85: Obat
A86: QALIK01 | B86: Alika 247 ZC 100 X 50 ml | C86: Btl | D86: Gdg. Induk | E86: Obat | F86: Insektisida | G86: Alika 247 ZC | H86: 705 | I86: 700 | J86: JAK2G00308 | K86: 45360 | L86: 45839 | M86: Obat | P86: Alika 247 ZC 100 X 50 ml | Q86: Obat | S86: Ambest 100 ME 50 X 100 ml | T86: 46753 | U86: 0 | V86: 363 | W86: Obat
A87: QALIK02 | B87: Alika 247 ZC 40 X 250 ml | C87: Btl | D87: Gdg. Induk | E87: Obat | F87: Insektisida | G87: Alika 247 ZC | H87: 1079 | I87: 2 | J87: JAK2G00298 | K87: 44921 | L87: 45839 | M87: Obat | P87: Alika 247 ZC 100 X 50 ml | Q87: Obat | S87: Amco Up 486 SL 20 ltr | T87: 47058 | U87: 0 | V87: 225 | W87: Obat
A88: QALIK02 | B88: Alika 247 ZC 40 X 250 ml | C88: Btl | D88: Gdg. Induk | E88: Obat | F88: Insektisida | G88: Alika 247 ZC | H88: 1079 | I88: 26 | J88: JAK2G00299 | K88: 44921 | L88: 45839 | M88: Obat | P88: Alika 247 ZC 40 X 250 ml | Q88: Obat | S88: Amco Up 486 SL 20 X 1 ltr | T88: 47027 | U88: 0 | V88: 380 | W88: Obat
A89: QALIK02 | B89: Alika 247 ZC 40 X 250 ml | C89: Btl | D89: Gdg. Induk | E89: Obat | F89: Insektisida | G89: Alika 247 ZC | H89: 1079 | I89: 1051 | J89: JAK3F00361 | K89: 45360 | L89: 45809 | M89: Obat | P89: Alika 247 ZC 40 X 250 ml | Q89: Obat | S89: Amco Up 486 SL 20 X 1 ltr | T89: 47058 | U89: 0 | V89: 10000 | W89: Obat
A90: QALIK02 | B90: Alika 247 ZC 40 X 250 ml | C90: Btl | D90: Gdg. Ttp Sales | E90: Obat | F90: Insektisida | G90: Alika 247 ZC | H90: 1080 | I90: 1080 | J90: JAK3F00361 | K90: 45360 | L90: 45809 | M90: Obat | P90: Alika 247 ZC 40 X 250 ml | Q90: Obat | S90: Amco Up 486 SL 4 X 5 ltr | T90: 47058 | U90: 0 | V90: 904 | W90: Obat
... A93: QALIK03 | B93: Alika 247 ZC 50 X 100 ml | C93: Btl | D93: Gdg. Induk | E93: Obat | F93: Insektisida | G93: Alika 247 ZC | H93: 6098 | I93: 6050 | J93: JAK3G2E034 | K93: 45272 | L93: 45839 | M93: Obat | P93: Alika 247 ZC 50 X 100 ml | Q93: Obat | S93: Amiboost Anti Stress 10 X 1 ltr | T93: 45870 | U93: 0 | V93: 387 | W93: Obat
A94: QAMAB01 | B94: Amabas 500 EC 16 X 1 ltr | C94: Btl | D94: Gdg. Induk | E94: Obat | F94: Insektisida | G94: Amabas 500 EC | H94: 1597 | I94: 13 | J94: 40202002 | K94: 45385 | L94: 47150 | M94: Obat | P94: Alika 247 ZC 50 X 100 ml | Q94: Obat | S94: Amiboost Anti Stress 20 X 250 ml (Sample) | T94: 45870 | U94: 0 | V94: 336 | W94: Sample
A95: QAMAB01 | B95: Amabas 500 EC 16 X 1 ltr | C95: Btl | D95: Gdg. Induk | E95: Obat | F95: Insektisida | G95: Amabas 500 EC | H95: 1597 | I95: 16 | J95: 40320005 | K95: 45374 | L95: 47178 | M95: Obat | P95: Amabas 500 EC 16 X 1 ltr | Q95: Obat | S95: Amiboost Anti Stress 20 X 500 ml | T95: 45870 | U95: 0 | V95: 701 | W95: Obat
A96: QAMAB01 | B96: Amabas 500 EC 16 X 1 ltr | C96: Btl | D96: Gdg. Induk | E96: Obat | F96: Insektisida | G96: Amabas 500 EC | H96: 1597 | I96: 192 | J96: 40320005 | K96: 45414 | L96: 47209 | M96: Obat | P96: Amabas 500 EC 16 X 1 ltr | Q96: Obat | S96: Amiboost Generative 10 X 1 ltr | T96: 45870 | U96: 0 | V96: 325 | W96: Obat
A97: QAMAB01 | B97: Amabas 500 EC 16 X 1 ltr | C97: Btl | D97: Gdg. Induk | E97: Obat | F97: Insektisida | G97: Amabas 500 EC | H97: 1597 | I97: 192 | J97: 40427010 | K97: 45414 | L97: 47209 | M97: Obat | P97: Amabas 500 EC 16 X 1 ltr | Q97: Obat | S97: Amiboost Generative 20 X 250 ml | T97: 45870 | U97: 0 | V97: 266 | W97: Obat
A98: QAMAB01 | B98: Amabas 500 EC 16 X 1 ltr | C98: Btl | D98: Gdg. Induk | E98: Obat | F98: Insektisida | G98: Amabas 500 EC | H98: 1597 | I98: 288 | J98: 40426009 | K98: 45414 | L98: 47209 | M98: Obat | P98: Amabas 500 EC 16 X 1 ltr | Q98: Obat | S98: Amiboost Generative 20 X 500 ml | T98: 45870 | U98: 0 | V98: 589 | W98: Obat
A99: QAMAB01 | B99: Amabas 500 EC 16 X 1 ltr | C99: Btl | D99: Gdg. Induk | E99: Obat | F99: Insektisida | G99: Amabas 500 EC | H99: 1597 | I99: 416 | J99: 40423007 | K99: 45414 | L99: 47209 | M99: Obat | P99: Amabas 500 EC 16 X 1 ltr | Q99: Obat | S99: Amiboost Vegetative 10 X 1 ltr | T99: 45992 | U99: 0 | V99: 2 | W99: Obat
A100: QAMAB01 | B100: Amabas 500 EC 16 X 1 ltr | C100: Btl | D100: Gdg. Induk | E100: Obat | F100: Insektisida | G100: Amabas 500 EC | H100: 1597 | I100: 480 | J100: 40417006 | K100: 45414 | L100: 47209 | M100: Obat | P100: Amabas 500 EC 16 X 1 ltr | Q100: Obat | S100: Amiboost Vegetative 10 X 1 ltr | T100: 45870 | U100: 0 | V100: 332 | W100: Obat
A101: QAMAB02 | B101: Amabas 500 EC 20 X 400 ml | C101: Btl | D101: Gdg. Induk | E101: Obat | F101: Insektisida | G101: Amabas 500 EC | H101: 517 | I101: 517 | J101: 40417006 | K101: 45409 | L101: 47209 | M101: Obat | P101: Amabas 500 EC 16 X 1 ltr | Q101: Obat | S101: Amiboost Vegetative 20 X 250 ml | T101: 45870 | U101: 0 | V101: 186 | W101: Obat
A102: QAMAZ01 | B102: Amazone 80 EC 40 X 200 ml | C102: Btl | D102: Gdg. Induk | E102: Obat | F102: Insektisida | G102: Amazone 80 EC | H102: 532 | I102: 532 | J102: 26092802 | K102: 45199 | L102: 46997 | M102: Obat | P102: Amabas 500 EC 20 X 400 ml | Q102: Obat | S102: Amiboost Vegetative 20 X 500 ml | T102: 45870 | U102: 0 | V102: 467 | W102: Obat
A103: QAMBE02 | B103: Ambest 100 ME 40 X 250 ml | C103: Btl | D103: Gdg. Induk | E103: Obat | F103: Insektisida | G103: Ambest 100 ME | H103: 211 | I103: 211 | J103: 8167 | K103: 45163 | L103: 46753 | M103: Obat | P103: Amazone 80 EC 40 X 200 ml | Q103: Obat | S103: Amichlor 400 EC 100 ml | T103: 1/1/1000 | U103: 0 | V103: 11 | W103: Sample
...

Sheet BENIH
A1: KODE | B1: DESCRIPTION | C1: UNIT | D1: NAMAGUDANG | E1: KELOMPOK | F1: JENIS | G1: MERK | H1: QTY | I1: QTYLOT | J1: NOMOR_LOT | K1: TGLPRODUKSI | L1: TGLKADALUARSA | M1: JENIS | O1: DESCRIPTION | P1: TGLKADALUARSA | Q1: NOMOR_LOT | R1: QTYLOT
A2: QBAWA01 | B2: Bawang Bahana 12 X 10 X 20 gr | C2: Pack | D2: Gdg. Induk | E2: Benih Horti | F2: Benih Bawang | G2: Bawang Bahana | H2: 20 | I2: 20 | J2: 411230717 | K2: 45243 | L2: 45565 | M2: Benih Horti | O2: Bawang Bahana 12 X 10 X 20 gr | P2: 45565 | Q2: 411230717 | R2: 20
A3: QBAYA25 | B3: Bayam Belang 35 X 500 gr | C3: Pack | D3: Gdg. Induk | E3: Benih Horti | F3: Benih Bayam | G3: Bayam Belang | H3: 524 | I3: 35 | J3: 67102320 | K3: 45293 | L3: 45792 | M3: Benih Horti | O3: Bayam Belang 35 X 500 gr | P3: 45792 | Q3: 67102320 | R3: 35
A4: QBAYA25 | B4: Bayam Belang 35 X 500 gr | C4: Pack | D4: Gdg. Induk | E4: Benih Horti | F4: Benih Bayam | G4: Bayam Belang | H4: 524 | I4: 139 | J4: 67082309 | K4: 45205 | L4: 45730 | M4: Benih Horti | O4: Bayam Belang 35 X 500 gr | P4: 45730 | Q4: 67082309 | R4: 139
A5: QBAYA25 | B5: Bayam Belang 35 X 500 gr | C5: Pack | D5: Gdg. Induk | E5: Benih Horti | F5: Benih Bayam | G5: Bayam Belang | H5: 524 | I5: 350 | J5: 67092310 | K5: 45206 | L5: 45745 | M5: Benih Horti | O5: Bayam Belang 35 X 500 gr | P5: 45745 | Q5: 67092310 | R5: 350
A6: QBAYA04 | B6: Bayam Belang 90 X 100 gr | C6: Pack | D6: Gdg. Induk | E6: Benih Horti | F6: Benih Bayam | G6: Bayam Belang | H6: 206 | I6: 206 | J6: 67072306 | K6: 45142 | L6: 45689 | M6: Benih Horti | O6: Bayam Belang 90 X 100 gr | P6: 45689 | Q6: 67072306 | R6: 206
A7: QBUNC05 | B7: Buncis Elastis 30 X 500 gr | C7: Pack | D7: Gdg. Induk | E7: Benih Horti | F7: Benih Buncis | G7: Buncis Elastis | H7: 300 | I7: 300 | J7: 384102301 | K7: 45442 | L7: 45964 | M7: Benih Horti | O7: Buncis Elastis 30 X 500 gr | P7: 45964 | Q7: 384102301 | R7: 300
A8: QCABE01 | B8: Cabe Balebat F1 12 X 15 X 10 gr | C8: Pack | D8: Gdg. Induk | E8: Benih Horti | F8: Benih Cabe Besar | G8: Cabe Balebat F1 | H8: 268 | I8: 268 | J8: 188052301 | K8: 45157 | L8: 45660 | M8: Benih Horti | O8: Cabe Balebat F1 12 X 15 X 10 gr | P8: 45660 | Q8: 188052301 | R8: 268
A9: QCABE54 | B9: Cabe Columbus 20 X 12 X 10 gr | C9: Pack | D9: Gdg. Induk | E9: Benih Horti | F9: Benih Cabe Besar | G9: Cabe Columbus | H9: 381 | I9: 72 | J9: 318344 | K9: 45304 | L9: 45843 | M9: Benih Horti | O9: Cabe Columbus 20 X 12 X 10 gr | P9: 45843 | Q9: 318344 | R9: 72
A10: QCABE54 | B10: Cabe Columbus 20 X 12 X 10 gr | C10: Pack | D10: Gdg. Induk | E10: Benih Horti | F10: Benih Cabe Besar | G10: Cabe Columbus | H10: 381 | I10: 132 | J10: 418442 | K10: 45353 | L10: 45896 | M10: Benih Horti | O10: Cabe Columbus 20 X 12 X 10 gr | P10: 45896 | Q10: 418442 | R10: 132
A11: QCABE54 | B11: Cabe Columbus 20 X 12 X 10 gr | C11: Pack | D11: Gdg. Induk | E11: Benih Horti | F11: Benih Cabe Besar | G11: Cabe Columbus | H11: 381 | I11: 177 | J11: 317532 | K11: 45279 | L11: 45809 | M11: Benih Horti | O11: Cabe Columbus 20 X 12 X 10 gr | P11: 45809 | Q11: 317532 | R11: 177
A12: QCABE06 | B12: Cabe Genie 12 X 15 X 10 gr | C12: Pack | D12: Gdg. Induk | E12: Benih Horti | F12: Benih Cabe Rawit | G12: Cabe Genie | H12: 3874 | I12: 65 | J12: 27122350 | K12: 45299 | L12: 45834 | M12: Benih Horti | O12: Cabe Genie 12 X 15 X 10 gr | P12: 45834 | Q12: 27122350 | R12: 65
A13: QCABE06 | B13: Cabe Genie 12 X 15 X 10 gr | C13: Pack | D13: Gdg. Induk | E13: Benih Horti | F13: Benih Cabe Rawit | G13: Cabe Genie | H13: 3874 | I13: 115 | J13: 27122349 | K13: 45299 | L13: 45831 | M13: Benih Horti | O13: Cabe Genie 12 X 15 X 10 gr | P13: 45831 | Q13: 27122349 | R13: 115
... A32: QCAUL03 | B32: Cauli Flower White Shot 25 X 10 X 10 gr | C32: Pack | D32: Gdg. Induk | E32: Benih Horti | F32: Benih Cauli Flower | G32: Cauli Flower White Shot | H32: 165 | I32: 165 | J32: 10013423 | K32: 45453 | L32: 45919 | M32: Benih Horti | O32: Cauli Flower White Shot 25 X 10 X 10 gr | P32: 45919 | Q32: 10013423 | R32: 165
A33: QJAGU63 | B33: Jagung ADV 132 20 X 1 kg | C33: Pack | D33: Gdg. Induk | E33: Benih Jagung | F33: Jagung Hibrida | G33: Jagung ADV 132 | H33: 23996 | I33: 16 | J33: LLK1A1013 | K33: 45261 | L33: 45503 | M33: Benih Jagung | O33: Jagung ADV 132 20 X 1 kg | P33: 45503 | Q33: LLK1A1013 | R33: 16
A34: QJAGU63 | B34: Jagung ADV 132 20 X 1 kg | C34: Pack | D34: Gdg. Induk | E34: Benih Jagung | F34: Jagung Hibrida | G34: Jagung ADV 132 | H34: 23996 | I34: 140 | J34: LLK1A3016 | K34: 45428 | L34: 45654 | M34: Benih Jagung | O34: Jagung ADV 132 20 X 1 kg | P34: 45654 | Q34: LLK1A3016 | R34: 140
A35: QJAGU63 | B35: Jagung ADV 132 20 X 1 kg | C35: Pack | D35: Gdg. Induk | E35: Benih Jagung | F35: Jagung Hibrida | G35: Jagung ADV 132 | H35: 23996 | I35: 2860 | J35: LLK1A1020 | K35: 45379 | L35: 45638 | M35: Benih Jagung | O35: Jagung ADV 132 20 X 1 kg | P35: 45638 | Q35: LLK1A1020 | R35: 2860
A36: QJAGU63 | B36: Jagung ADV 132 20 X 1 kg | C36: Pack | D36: Gdg. Induk | E36: Benih Jagung | F36: Jagung Hibrida | G36: Jagung ADV 132 | H36: 23996 | I36: 3980 | J36: LLK1A1017 | K36: 45377 | L36: 45514 | M36: Benih Jagung | O36: Jagung ADV 132 20 X 1 kg | P36: 45514 | Q36: LLK1A1017 | R36: 3980
A37: QJAGU63 | B37: Jagung ADV 132 20 X 1 kg | C37: Pack | D37: Gdg. Induk | E37: Benih Jagung | F37: Jagung Hibrida | G37: Jagung ADV 132 | H37: 23996 | I37: 4860 | J37: LLK1A3015 | K37: 45428 | L37: 45654 | M37: Benih Jagung | O37: Jagung ADV 132 20 X 1 kg | P37: 45654 | Q37: LLK1A3015 | R37: 4860
A38: QJAGU63 | B38: Jagung ADV 132 20 X 1 kg | C38: Pack | D38: Gdg. Induk | E38: Benih Jagung | F38: Jagung Hibrida | G38: Jagung ADV 132 | H38: 23996 | I38: 12140 | J38: LLK1A1019 | K38: 45378 | L38: 45638 | M38: Benih Jagung | O38: Jagung ADV 132 20 X 1 kg | P38: 45638 | Q38: LLK1A1019 | R38: 12140
A39: QJAGU03 | B39: Jagung Bisi 18 20 X 1 kg | C39: Pack | D39: Gdg. Induk | E39: Benih Jagung | F39: Jagung Hibrida | G39: Jagung Bisi 18 | H39: 1518 | I39: 18 | J39: 3079HBS18 | K39: 45236 | L39: 45571 | M39: Benih Jagung | O39: Jagung Bisi 18 20 X 1 kg | P39: 45571 | Q39: 3079HBS18 | R39: 18
A40: QJAGU03 | B40: Jagung Bisi 18 20 X 1 kg | C40: Pack | D40: Gdg. Belakang3 | E40: Benih Jagung | F40: Jagung Hibrida | G40: Jagung Bisi 18 | H40: 249500 | I40: 120 | J40: 3175HBS18 | K40: 45247 | L40: 45596 | M40: Benih Jagung | O40: Jagung Bisi 18 20 X 1 kg | P40: 45596 | Q40: 3175HBS18 | R40: 120
A41: QJAGU03 | B41: Jagung Bisi 18 20 X 1 kg | C41: Pack | D41: Gdg.Belakang2 | E41: Benih Jagung | F41: Jagung Hibrida | G41: Jagung Bisi 18 | H41: 218760 | I41: 160 | J41: 4039HBS18 | K41: 45283 | L41: 45638 | M41: Benih Jagung | O41: Jagung Bisi 18 20 X 1 kg | P41: 45638 | Q41: 4039HBS18 | R41: 1200
A42: QJAGU03 | B42: Jagung Bisi 18 20 X 1 kg | C42: Pack | D42: Gdg. Belakang1 | E42: Benih Jagung | F42: Jagung Hibrida | G42: Jagung Bisi 18 | H42: 307680 | I42: 220 | J42: 3163HBS18 | K42: 45247 | L42: 45585 | M42: Benih Jagung | O42: Jagung Bisi 18 20 X 1 kg | P42: 45585 | Q42: 3163HBS18 | R42: 21440
A43: QJAGU03 | B43: Jagung Bisi 18 20 X 1 kg | C43: Pack | D43: Gdg. Belakang3 | E43: Benih Jagung | F43: Jagung Hibrida | G43: Jagung Bisi 18 | H43: 249500 | I43: 220 | J43: 3189HBS18 | K43: 45247 | L43: 45596 | M43: Benih Jagung | O43: Jagung Bisi 18 20 X 1 kg | P43: 45596 | Q43: 3189HBS18 | R43: 15220
A44: QJAGU03 | B44: Jagung Bisi 18 20 X 1 kg | C44: Pack | D44: Gdg.Belakang2 | E44: Benih Jagung | F44: Jagung Hibrida | G44: Jagung Bisi 18 | H44: 218760 | I44: 400 | J44: 4035HBS18 | K44: 45283 | L44: 45635 | M44: Benih Jagung | O44: Jagung Bisi 18 20 X 1 kg | P44: 45635 | Q44: 4035HBS18 | R44: 400
... A165: QJAGU68 | B165: Jagung DK 771 20 X 1 kg (Bayer) | C165: Pack | D165: Gdg. Induk | E165: Benih Jagung | F165: Jagung Hibrida | G165: Jagung DK 771 | H165: 15022 | I165: 539 | J165: 9CFA013004 | K165: 45244 | L165: 45582 | M165: Benih Jagung | O165: Jagung DK 9209C 20 X 1 kg (Bayer) | P165: 45619 | Q165: 2CFB013035 | R165: 6140
A166: QJAGU68 | B166: Jagung DK 771 20 X 1 kg (Bayer) | C166: Pack | D166: Gdg. Induk | E166: Benih Jagung | F166: Jagung Hibrida | G166: Jagung DK 771 | H166: 15022 | I166: 1004 | J166: 9CFA013008 | K166: 45244 | L166: 45582 | M166: Benih Jagung | O166: Jagung Manis Exsotic 40 X 250 gr | P166: 45710 | Q166: 324.0829 | R166: 1160
A167: QJAGU68 | B167: Jagung DK 771 20 X 1 kg (Bayer) | C167: Pack | D167: Gdg. Induk | E167: Benih Jagung | F167: Jagung Hibrida | G167: Jagung DK 771 | H167: 15022 | I167: 1058 | J167: 9CFA013003 | K167: 45244 | L167: 45582 | M167: Benih Jagung | O167: Jagung Manis Golden Boy 20 X 500 gr | P167: 45689 | Q167: 316451 | R167: 160
A168: QJAGU68 | B168: Jagung DK 771 20 X 1 kg (Bayer) | C168: Pack | D168: Gdg. Induk | E168: Benih Jagung | F168: Jagung Hibrida | G168: Jagung DK 771 | H168: 15022 | I168: 2000 | J168: 9CFA013020 | K168: 45455 | L168: 45612 | M168: Benih Jagung | O168: Jagung Manis Madu-59 F1 20 X 250 gr | P168: 45708 | Q168: MJS2A1001 | R168: 200
A169: QJAGU68 | B169: Jagung DK 771 20 X 1 kg (Bayer) | C169: Pack | D169: Gdg. Induk | E169: Benih Jagung | F169: Jagung Hibrida | G169: Jagung DK 771 | H169: 15022 | I169: 5000 | J169: 9CFA013018 | K169: 45455 | L169: 45612 | M169: Benih Jagung | O169: Jagung Manis Master Sweet 45 20 X 500 gr | P169: 45597 | Q169: 45316450 | R169: 1
A170: QJAGU68 | B170: Jagung DK 771 20 X 1 kg (Bayer) | C170: Pack | D170: Gdg. Induk | E170: Benih Jagung | F170: Jagung Hibrida | G170: Jagung DK 771 | H170: 15022 | I170: 5400 | J170: 9CFA012099 | K170: 45230 | L170: 45543 | M170: Benih Jagung | O170: Jagung Manis Master Sweet 45 20 X 500 gr | P170: 45689 | Q170: 45-3-314518 | R170: 100
A171: QJAGU78 | B171: Jagung DK 9209C 20 X 1 kg (Bayer) | C171: Pack | D171: Gdg. Induk | E171: Benih Jagung | F171: Jagung Hibrida | G171: Jagung DEKALB 9209C | H171: 17590 | I171: 80 | J171: 2CFB013032 | K171: 45436 | L171: 45619 | M171: Benih Jagung | O171: Jagung Manis Master Sweet 45 20 X 500 gr | P171: 45689 | Q171: 45-315089 | R171: 1040
A172: QJAGU78 | B172: Jagung DK 9209C 20 X 1 kg (Bayer) | C172: Pack | D172: Gdg. Induk | E172: Benih Jagung | F172: Jagung Hibrida | G172: Jagung DEKALB 9209C | H172: 17590 | I172: 80 | J172: 2CFB013026 | K172: 45384 | L172: 45619 | M172: Benih Jagung | O172: Jagung Manis Sweet Lady 27 20 X 500 gr | P172: 45689 | Q172: 27-316472 | R172: 1170
A173: QJAGU78 | B173: Jagung DK 9209C 20 X 1 kg (Bayer) | C173: Pack | D173: Gdg. Induk | E173: Benih Jagung | F173: Jagung Hibrida | G173: Jagung DEKALB 9209C | H173: 17590 | I173: 240 | J173: 2CFB013030 | K173: 45384 | L173: 45619 | M173: Benih Jagung | O173: Jagung NK 212 20 X 1 kg | P173: 45700 | Q173: 19352424 | R173: 2180
A174: QJAGU78 | B174: Jagung DK 9209C 20 X 1 kg (Bayer) | C174: Pack | D174: Gdg. Induk | E174: Benih Jagung | F174: Jagung Hibrida | G174: Jagung DEKALB 9209C | H174: 17590 | I174: 590 | J174: 2CFB013029 | K174: 45289 | L174: 45619 | M174: Benih Jagung | O174: Jagung NK 212 20 X 1 kg | P174: 45748 | Q174: 19237373 | R174: 3520
A175: QJAGU78 | B175: Jagung DK 9209C 20 X 1 kg (Bayer) | C175: Pack | D175: Gdg. Induk | E175: Benih Jagung | F175: Jagung Hibrida | G175: Jagung DEKALB 9209C | H175: 17590 | I175: 700 | J175: 2CFB013028 | K175: 45384 | L175: 45619 | M175: Benih Jagung | O175: Jagung NK 212 20 X 1 kg | P175: 45789 | Q175: 19350401 | R175: 5560
A176: QJAGU78 | B176: Jagung DK 9209C 20 X 1 kg (Bayer) | C176: Pack | D176: Gdg. Induk | E176: Benih Jagung | F176: Jagung Hibrida | G176: Jagung DEKALB 9209C | H176: 17590 | I176: 1040 | J176: 2CFB013031 | K176: 45423 | L176: 45619 | M176: Benih Jagung | O176: Jagung NK 212 20 X 1 kg | P176: 45748 | Q176: 19237375 | R176: 7480
A177: QJAGU78 | B177: Jagung DK 9209C 20 X 1 kg (Bayer) | C177: Pack | D177: Gdg. Induk | E177: Benih Jagung | F177: Jagung Hibrida | G177: Jagung DEKALB 9209C | H177: 17590 | I177: 1600 | J177: 2CFB013034 | K177: 45384 | L177: 45619 | M177: Benih Jagung | O177: Jagung NK 212 20 X 1 kg | P177: 45784 | Q177: 19337579 | R177: 15480
A178: QJAGU78 | B178: Jagung DK 9209C 20 X 1 kg (Bayer) | C178: Pack | D178: Gdg. Induk | E178: Benih Jagung | F178: Jagung Hibrida | G178: Jagung DEKALB 9209C | H178: 17590 | I178: 2260 | J178: 2CFB013036 | K178: 45384 | L178: 45619 | M178: Benih Jagung | O178: Jagung NK 7202 20 X 1 kg | P178: 45666 | Q178: 19046175 | R178: 10
A179: QJAGU78 | B179: Jagung DK 9209C 20 X 1 kg (Bayer) | C179: Pack | D179: Gdg. Induk | E179: Benih Jagung | F179: Jagung Hibrida | G179: Jagung DEKALB 9209C | H179: 17590 | I179: 4860 | J179: 2CFB013033 | K179: 45384 | L179: 45619 | M179: Benih Jagung | O179: Jagung NK 7328 20 X 1 kg | P179: 45699 | Q179: 19108728 | R179: 452
A180: QJAGU78 | B180: Jagung DK 9209C 20 X 1 kg (Bayer) | C180: Pack | D180: Gdg. Induk | E180: Benih Jagung | F180: Jagung Hibrida | G180: Jagung DEKALB 9209C | H180: 17590 | I180: 6140 | J180: 2CFB013035 | K180: 45384 | L180: 45619 | M180: Benih Jagung | O180: Jagung NK 7328 20 X 1 kg | P180: 45740 | Q180: 19219801 | R180: 1060
A181: QJAGU64 | B181: Jagung Manis Exsotic 40 X 250 gr | C181: Pack | D181: Gdg. Induk | E181: Benih Jagung | F181: Jagung Manis Hibrida | G181: Jagung Manis Exsotic | H181: 1160 | I181: 1160 | J181: 324.0829 | K181: 45448 | L181: 45710 | M181: Benih Horti | O181: Jagung NK 7328 20 X 1 kg | P181: 45738 | Q181: 19213254 | R181: 1700
A182: QJAGU55 | B182: Jagung Manis Golden Boy 20 X 500 gr | C182: Pack | D182: Gdg. Induk | E182: Benih Horti | F182: Jagung Manis Hibrida | G182: Jagung Manis Golden Boy | H182: 160 | I182: 160 | J182: 316451 | K182: 45430 | L182: 45689 | M182: Benih Horti | O182: Jagung NK 7328 20 X 1 kg | P182: 45699 | Q182: 19108733 | R182: 2200
A183: QJAGU79 | B183: Jagung Manis Madu-59 F1 20 X 250 gr | C183: Pack | D183: Gdg. Induk | E183: Benih Jagung | F183: Jagung Manis Hibrida | G183: Jagung Manis Madu-59 F1 | H183: 200 | I183: 200 | J183: MJS2A1001 | K183: 45436 | L183: 45708 | M183: Benih Horti | O183: Jagung NK 7328 20 X 1 kg | P183: 45699 | Q183: 19108732 | R183: 2260
A184: QJAGU44 | B184: Jagung Manis Master Sweet 45 20 X 500 gr | C184: Pack | D184: Gdg. Induk | E184: Benih Horti | F184: Jagung Manis Hibrida | G184: Jagung Manis Master Sweet 45 | H184: 1141 | I184: 1 | J184: 45316450 | K184: 45335 | L184: 45597 | M184: Benih Horti | O184: Jagung NK 7328 20 X 1 kg | P184: 45720 | Q184: 19219793 | R184: 3180
A185: QJAGU44 | B185: Jagung Manis Master Sweet 45 20 X 500 gr | C185: Pack | D185: Gdg. Induk | E185: Benih Horti | F185: Jagung Manis Hibrida | G185: Jagung Manis Master Sweet 45 | H185: 1141 | I185: 100 | J185: 45-3-314518 | K185: 45430 | L185: 45689 | M185: Benih Horti | O185: Jagung NK 7328 20 X 1 kg | P185: 45720 | Q185: 19219792 | R185: 4340
A186: QJAGU44 | B186: Jagung Manis Master Sweet 45 20 X 500 gr | C186: Pack | D186: Gdg. Induk | E186: Benih Horti | F186: Jagung Manis Hibrida | G186: Jagung Manis Master Sweet 45 | H186: 1141 | I186: 1040 | J186: 45-315089 | K186: 45430 | L186: 45689 | M186: Benih Horti | O186: Jagung NK 7328 20 X 1 kg | P186: 45740 | Q186: 19219804 | R186: 7960
A187: QJAGU47 | B187: Jagung Manis Sweet Lady 27 20 X 500 gr | C187: Pack | D187: Gdg. Induk | E187: Benih Horti | F187: Jagung Manis Hibrida | G187: Jagung Manis Sweet Lady 27 | H187: 1170 | I187: 1170 | J187: 27-316472 | K187: 45430 | L187: 45689 | M187: Benih Horti | O187: Jagung NK 7328 20 X 1 kg | P187: 45740 | Q187: 19219799 | R187: 10180
A188: QJAGU13 | B188: Jagung NK 212 20 X 1 kg | C188: Pack | D188: Gdg. Induk | E188: Benih Jagung | F188: Jagung Hibrida | G188: Jagung NK 212 | H188: 34220 | I188: 2180 | J188: 19352424 | K188: 45442 | L188: 45700 | M188: Benih Jagung | O188: Jagung NK 7328 20 X 1 kg | P188: 45747 | Q188: 19237409 | R188: 20140
A189: QJAGU13 | B189: Jagung NK 212 20 X 1 kg | C189: Pack | D189: Gdg. Induk | E189: Benih Jagung | F189: Jagung Hibrida | G189: Jagung NK 212 | H189: 34220 | I189: 3520 | J189: 19237373 | K189: 45430 | L189: 45748 | M189: Benih Jagung | O189: Jagung NK 7328 20 X 1 kg | P189: 45740 | Q189: 19219798 | R189: 29820
A190: QJAGU13 | B190: Jagung NK 212 20 X 1 kg | C190: Pack | D190: Gdg. Induk | E190: Benih Jagung | F190: Jagung Hibrida | G190: Jagung NK 212 | H190: 34220 | I190: 5560 | J190: 19350401 | K190: 45443 | L190: 45789 | M190: Benih Jagung | O190: Jagung P27 Gajah 20 X 1 kg | P190: 45608 | Q190: 102CKMAFINDB062 | R190: 5
A191: QJAGU13 | B191: Jagung NK 212 20 X 1 kg | C191: Pack | D191: Gdg. Induk | E191: Benih Jagung | F191: Jagung Hibrida | G191: Jagung NK 212 | H191: 34220 | I191: 7480 | J191: 19237375 | K191: 45430 | L191: 45748 | M191: Benih Jagung | O191: Jagung P27 Gajah 20 X 1 kg | P191: 45641 | Q191: 134CJMAFDNDC052 | R191: 10
A192: QJAGU13 | B192: Jagung NK 212 20 X 1 kg | C192: Pack | D192: Gdg. Induk | E192: Benih Jagung | F192: Jagung Hibrida | G192: Jagung NK 212 | H192: 34220 | I192: 15480 | J192: 19337579 | K192: 45442 | L192: 45784 | M192: Benih Jagung | O192: Jagung P27 Gajah 20 X 1 kg | P192: 45641 | Q192: 143CJMAFINDC053 | R192: 10
A193: QJAGU58 | B193: Jagung NK 7202 20 X 1 kg | C193: Pack | D193: Gdg. Induk | E193: Benih Jagung | F193: Jagung Hibrida | G193: Jagung NK 7202 | H193: 10 | I193: 10 | J193: 19046175 | K193: 45322 | L193: 45666 | M193: Benih Jagung | O193: Jagung P27 Gajah 20 X 1 kg | P193: 45608 | Q193: 068CKMAFINDB063 | R193: 12
A194: QJAGU29 | B194: Jagung NK 7328 20 X 1 kg | C194: Pack | D194: Gdg. Induk | E194: Benih Jagung | F194: Jagung Hibrida | G194: Jagung NK 7328 | H194: 83292 | I194: 452 | J194: 19108728 | K194: 45367 | L194: 45699 | M194: Benih Jagung | O194: Jagung P27 Gajah 20 X 1 kg | P194: 45641 | Q194: 007CKMAFDNDC055 | R194: 6060
A195: QJAGU29 | B195: Jagung NK 7328 20 X 1 kg | C195: Pack | D195: Gdg. Induk | E195: Benih Jagung | F195: Jagung Hibrida | G195: Jagung NK 7328 | H195: 83292 | I195: 1060 | J195: 19219801 | K195: 45405 | L195: 45740 | M195: Benih Jagung | O195: Jagung P27 Gajah 20 X 1 kg | P195: 45658 | Q195: 013CKMAFINDE006 | R195: 15000
A196: QJAGU29 | B196: Jagung NK 7328 20 X 1 kg | C196: Pack | D196: Gdg. Induk | E196: Benih Jagung | F196: Jagung Hibrida | G196: Jagung NK 7328 | H196: 83292 | I196: 1700 | J196: 19213254 | K196: 45405 | L196: 45738 | M196: Benih Jagung | O196: Jagung Pertiwi 6 20 X 1 kg | P196: 45809 | Q196: 368.18 | R196: 243
A197: QJAGU29 | B197: Jagung NK 7328 20 X 1 kg | C197: Pack | D197: Gdg. Induk | E197: Benih Jagung | F197: Jagung Hibrida | G197: Jagung NK 7328 | H197: 83292 | I197: 2200 | J197: 19108733 | K197: 45374 | L197: 45699 | M197: Benih Jagung | O197: Jagung Pertiwi 6 20 X 1 kg | P197: 45809 | Q197: 1013.179 | R197: 4757
A198: QJAGU29 | B198: Jagung NK 7328 20 X 1 kg | C198: Pack | D198: Gdg. Induk | E198: Benih Jagung | F198: Jagung Hibrida | G198: Jagung NK 7328 | H198: 83292 | I198: 2260 | J198: 19108732 | K198: 45367 | L198: 45699 | M198: Benih Jagung | O198: Jagung Pertiwi 6 20 X 1 kg | P198: 45809 | Q198: 1295.178 | R198: 9160
A199: QJAGU29 | B199: Jagung NK 7328 20 X 1 kg | C199: Pack | D199: Gdg. Induk | E199: Benih Jagung | F199: Jagung Hibrida | G199: Jagung NK 7328 | H199: 83292 | I199: 3180 | J199: 19219793 | K199: 45374 | L199: 45720 | M199: Benih Jagung | O199: Jagung Q-235 10 X 1 Kg | P199: 45410 | Q199: 02/02/PRG/2023 | R199: 1
A200: QJAGU29 | B200: Jagung NK 7328 20 X 1 kg | C200: Pack | D200: Gdg. Induk | E200: Benih Jagung | F200: Jagung Hibrida | G200: Jagung NK 7328 | H200: 83292 | I200: 4340 | J200: 19219792 | K200: 45374 | L200: 45720 | M200: Benih Jagung | O200: Jagung Q-235 10 X 1 Kg | P200: 45472 | Q200: 04/04/PRG/2023 | R200: 91
A201: QJAGU29 | B201: Jagung NK 7328 20 X 1 kg | C201: Pack | D201: Gdg. Induk | E201: Benih Jagung | F201: Jagung Hibrida | G201: Jagung NK 7328 | H201: 83292 | I201: 7960 | J201: 19219804 | K201: 45405 | L201: 45740 | M201: Benih Jagung | O201: Jagung Q-235 10 X 1 Kg | P201: 45472 | Q201: 06/06/PRG/2023 | R201: 75
A202: QJAGU29 | B202: Jagung NK 7328 20 X 1 kg | C202: Pack | D202: Gdg. Induk | E202: Benih Jagung | F202: Jagung Hibrida | G202: Jagung NK 7328 | H202: 83292 | I202: 10180 | J202: 19219799 | K202: 45381 | L202: 45740 | M202: Benih Jagung | O202: Jagung Q-235 10 X 1 Kg | P202: 45472 | Q202: 05/05/PRG/2023 | R202: 98
A203: QJAGU29 | B203: Jagung NK 7328 20 X 1 kg | C203: Pack | D203: Gdg. Induk | E203: Benih Jagung | F203: Jagung Hibrida | G203: Jagung NK 7328 | H203: 83292 | I203: 20140 | J203: 19237409 | K203: 45405 | L203: 45747 | M203: Benih Jagung | O203: Jagung Q-235 10 X 1 Kg | P203: 45367 | Q203: 45410 | R203: 35
A204: QJAGU29 | B204: Jagung NK 7328 20 X 1 kg | C204: Pack | D204: Gdg. Induk | E204: Benih Jagung | F204: Jagung Hibrida | G204: Jagung NK 7328 | H204: 83292 | I204: 29820 | J204: 19219798 | K204: 45379 | L204: 45740 | M204: Benih Jagung | O204: Jagung Q-235 10 X 1 Kg | P204: 45497 | Q204: M01CB006 | R204: 151
A205: QJAGU70 | B205: Jagung P27 Gajah 20 X 1 kg | C205: Pack | D205: Gdg. Induk | E205: Benih Jagung | F205: Jagung Hibrida | G205: Jagung P27 Gajah | H205: 21097 | I205: 5 | J205: 102CKMAFINDB062 | K205: 45369 | L205: 45608 | M205: Benih Jagung | O205: Jagung Q-235 10 X 1 Kg | P205: 45553 | Q205: 43/23 | R205: 334
A206: QJAGU70 | B206: Jagung P27 Gajah 20 X 1 kg | C206: Pack | D206: Gdg. Induk | E206: Benih Jagung | F206: Jagung Hibrida | G206: Jagung P27 Gajah | H206: 21097 | I206: 10 | J206: 134CJMAFDNDC052 | K206: 45379 | L206: 45641 | M206: Benih Jagung | O206: Jagung Q-235 10 X 1 Kg | P206: 45534 | Q206: 39/14 | R206: 370
A207: QJAGU70 | B207: Jagung P27 Gajah 20 X 1 kg | C207: Pack | D207: Gdg. Induk | E207: Benih Jagung | F207: Jagung Hibrida | G207: Jagung P27 Gajah | H207: 21097 | I207: 10 | J207: 143CJMAFINDC053 | K207: 45379 | L207: 45641 | M207: Benih Jagung | O207: Jagung Q-235 10 X 1 Kg | P207: 45504 | Q207: 35/4 | R207: 454
A208: QJAGU70 | B208: Jagung P27 Gajah 20 X 1 kg | C208: Pack | D208: Gdg. Induk | E208: Benih Jagung | F208: Jagung Hibrida | G208: Jagung P27 Gajah | H208: 21097 | I208: 12 | J208: 068CKMAFINDB063 | K208: 45373 | L208: 45608 | M208: Benih Jagung | O208: Jagung Q-235 10 X 1 Kg | P208: 45597 | Q208: 49/33 | R208: 495
A209: QJAGU70 | B209: Jagung P27 Gajah 20 X 1 kg | C209: Pack | D209: Gdg. Induk | E209: Benih Jagung | F209: Jagung Hibrida | G209: Jagung P27 Gajah | H209: 21097 | I209: 6060 | J209: 007CKMAFDNDC055 | K209: 45411 | L209: 45641 | M209: Benih Jagung | O209: Jagung Q-235 10 X 1 Kg | P209: 45534 | Q209: 40/15 | R209: 500
A210: QJAGU70 | B210: Jagung P27 Gajah 20 X 1 kg | C210: Pack | D210: Gdg. Induk | E210: Benih Jagung | F210: Jagung Hibrida | G210: Jagung P27 Gajah | H210: 21097 | I210: 15000 | J210: 013CKMAFINDE006 | K210: 45442 | L210: 45658 | M210: Benih Jagung | O210: Jagung Q-235 10 X 1 Kg | P210: 45570 | Q210: 45/29 | R210: 550
A211: QJAGU25 | B211: Jagung Pertiwi 6 20 X 1 kg | C211: Pack | D211: Gdg. Induk | E211: Benih Jagung | F211: Jagung Hibrida | G211: Jagung Pertiwi 6 | H211: 14160 | I211: 243 | J211: 368.18 | K211: 45455 | L211: 45809 | M211: Benih Jagung | O211: Jagung Q-235 10 X 1 Kg | P211: 45553 | Q211: 42/19 | R211: 870
A212: QJAGU25 | B212: Jagung Pertiwi 6 20 X 1 kg | C212: Pack | D212: Gdg. Induk | E212: Benih Jagung | F212: Jagung Hibrida | G212: Jagung Pertiwi 6 | H212: 14160 | I212: 4757 | J212: 1013.179 | K212: 45455 | L212: 45809 | M212: Benih Jagung | O212: Jagung Q-235 10 X 1 Kg | P212: 45570 | Q212: 44/21 | R212: 1000
A213: QJAGU25 | B213: Jagung Pertiwi 6 20 X 1 kg | C213: Pack | D213: Gdg. Induk | E213: Benih Jagung | F213: Jagung Hibrida | G213: Jagung Pertiwi 6 | H213: 14160 | I213: 9160 | J213: 1295.178 | K213: 45450 | L213: 45809 | M213: Benih Jagung | O213: Jagung Q-235 10 X 1 Kg | P213: 45534 | Q213: 41/16 | R213: 1480
A214: QJAGU76 | B214: Jagung Q-235 10 X 1 Kg | C214: Pack | D214: Gdg. Expired | E214: Benih Jagung | F214: Benih | G214: Jagung Q-235 | H214: 636 | I214: 1 | J214: 02/02/PRG/2023 | K214: 45356 | L214: 45410 | M214: Benih Jagung | O214: Jagung Q-235 10 X 1 Kg | P214: 45520 | Q214: 37/10 | R214: 1905
A215: QJAGU76 | B215: Jagung Q-235 10 X 1 Kg | C215: Pack | D215: Gdg. Expired | E215: Benih Jagung | F215: Benih | G215: Jagung Q-235 | H215: 636 | I215: 6 | J215: 04/04/PRG/2023 | K215: 45463 | L215: 45472 | M215: Benih Jagung | O215: Kangkung Bisi 20 X 1 kg | P215: 45809 | Q215: 114113 | R215: 3
A216: QJAGU76 | B216: Jagung Q-235 10 X 1 Kg | C216: Pack | D216: Gdg. Expired | E216: Benih Jagung | F216: Benih | G216: Jagung Q-235 | H216: 636 | I216: 6 | J216: 06/06/PRG/2023 | K216: 45463 | L216: 45472 | M216: Benih Jagung | O216: Kangkung Bisi 20 X 1 kg | P216: 45931 | Q216: 9280 | R216: 1220
A217: QJAGU76 | B217: Jagung Q-235 10 X 1 Kg | C217: Pack | D217: Gdg. Expired | E217: Benih Jagung | F217: Benih | G217: Jagung Q-235 | H217: 636 | I217: 18 | J217: 05/05/PRG/2023 | K217: 45370 | L217: 45472 | M217: Benih Jagung | O217: Kangkung Dampit 20 X 1 kg | P217: 45674 | Q217: 112072306 | R217: 20
A218: AJAGU76 | B218: Jagung Q-235 10 X 1 Kg | C218: Pcs | D218: Gdg. Expired | E218: No Group | F218: No Group | G218: No Group | H218: 269 | I218: 35 | J218: 45410 | K218: 45402 | L218: 45367 | M218: Benih Jagung | O218: Kangkung Dampit 20 X 1 kg | P218: 45779 | Q218: 112112209 | R218: 20
A219: AJAGU76 | B219: Jagung Q-235 10 X 1 Kg | C219: Pcs | D219: Gdg. Expired | E219: No Group | F219: No Group | G219: No Group | H219: 269 | I219: 69 | J219: 06/06/PRG/2023 | K219: 45458 | L219: 45472 | M219: Benih Jagung | O219: Kangkung Dampit 40 X 500 gr | P219: 45605 | Q219: 112112209 | R219: 400
A220: AJAGU76 | B220: Jagung Q-235 10 X 1 Kg | C220: Pcs | D220: Gdg. Expired | E220: No Group | F220: No Group | G220: No Group | H220: 269 | I220: 80 | J220: 05/05/PRG/2023 | K220: 45402 | L220: 45472 | M220: Benih Jagung | O220: Kubis Grand 11-20 X 12 X 15 gr | P220: 45809 | Q220: 11-418046 | R220: 240
A221: AJAGU76 | B221: Jagung Q-235 10 X 1 Kg | C221: Pcs | D221: Gdg. Expired | E221: No Group | F221: No Group | G221: No Group | H221: 269 | I221: 85 | J221: 04/04/PRG/2023 | K221: 45458 | L221: 45472 | M221: Benih Jagung | O221: Kubis Green Coronet 100 X 10 X 20 gr | P221: 46113 | Q221: 3190007586-88RD | R221: 1269
A222: QJAGU76 | B222: Jagung Q-235 10 X 1 Kg | C222: Pack | D222: Gdg. Expired | E222: Benih Jagung | F222: Benih | G222: Jagung Q-235 | H222: 636 | I222: 151 | J222: M01CB006 | K222: 45232 | L222: 45497 | M222: Benih Jagung | O222: Kubis Green Crown 10 X 20 ml | P222: 46085 | Q222: 330275 | R222: 47
A223: QJAGU76 | B223: Jagung Q-235 10 X 1 Kg | C223: Pack | D223: Gdg. Induk | E223: Benih Jagung | F223: Benih | G223: Jagung Q-235 | H223: 7504 | I223: 334 | J223: 43/23 | K223: 45303 | L223: 45553 | M223: Benih Jagung | O223: Kubis Green Crown 10 X 20 ml | P223: 46085 | Q223: 303705A5 | R223: 300
A224: QJAGU76 | B224: Jagung Q-235 10 X 1 Kg | C224: Pack | D224: Gdg. Induk | E224: Benih Jagung | F224: Benih | G224: Jagung Q-235 | H224: 7504 | I224: 370 | J224: 39/14 | K224: 45279 | L224: 45534 | M224: Benih Jagung | O224: Kubis Hibrida F1 Kaelo 30 X 15 gr | P224: 45931 | Q224: 103719148 | R224: 1160
A225: QJAGU76 | B225: Jagung Q-235 10 X 1 Kg | C225: Pack | D225: Gdg. Expired | E225: Benih Jagung | F225: Benih | G225: Jagung Q-235 | H225: 636 | I225: 454 | J225: 35/4 | K225: 45259 | L225: 45504 | M225: Benih Jagung | O225: Melon Action 434 20 X 10 X 12.5 gr | P225: 45870 | Q225: 911468 | R225: 190
A226: QJAGU76 | B226: Jagung Q-235 10 X 1 Kg | C226: Pack | D226: Gdg. Induk | E226: Benih Jagung | F226: Benih | G226: Jagung Q-235 | H226: 7504 | I226: 495 | J226: 49/33 | K226: 45356 | L226: 45597 | M226: Benih Jagung | O226: Melon Pertiwi Anvi 10 X 15 X 13 gr | P226: 45679 | Q226: 322.0643 | R226: 64
A227: QJAGU76 | B227: Jagung Q-235 10 X 1 Kg | C227: Pack | D227: Gdg. Induk | E227: Benih Jagung | F227: Benih | G227: Jagung Q-235 | H227: 7504 | I227: 500 | J227: 40/15 | K227: 45279 | L227: 45534 | M227: Benih Jagung | O227: Oyong Hanoman 12 X 15 X 10 gr | P227: 45723 | Q227: 2521711118 | R227: 63
A228: QJAGU76 | B228: Jagung Q-235 10 X 1 Kg | C228: Pack | D228: Gdg. Induk | E228: Benih Jagung | F228: Benih | G228: Jagung Q-235 | H228: 7504 | I228: 550 | J228: 45/29 | K228: 45327 | L228: 45570 | M228: Benih Jagung | O228: Oyong Hanoman 12 X 15 X 10 gr | P228: 45867 | Q228: 252122303 | R228: 90
A229: QJAGU76 | B229: Jagung Q-235 10 X 1 Kg | C229: Pack | D229: Gdg. Induk | E229: Benih Jagung | F229: Benih | G229: Jagung Q-235 | H229: 7504 | I229: 870 | J229: 42/19 | K229: 45303 | L229: 45553 | M229: Benih Jagung | O229: Oyong Hanoman 12 X 15 X 10 gr | P229: 45976 | Q229: 38120711 | R229: 900
A230: QJAGU76 | B230: Jagung Q-235 10 X 1 Kg | C230: Pack | D230: Gdg. Induk | E230: Benih Jagung | F230: Benih | G230: Jagung Q-235 | H230: 7504 | I230: 1000 | J230: 44/21 | K230: 45327 | L230: 45570 | M230: Benih Jagung | O230: Padi Pahisa 01 200 gr | P230: 1/1/1000 | Q230: 0 | R230: 95
A231: QJAGU76 | B231: Jagung Q-235 10 X 1 Kg | C231: Pack | D231: Gdg. Induk | E231: Benih Jagung | F231: Benih | G231: Jagung Q-235 | H231: 7504 | I231: 1480 | J231: 41/16 | K231: 45279 | L231: 45534 | M231: Benih Jagung | O231: Padi Q-989 Ciherang 4 X 5 kg | P231: 45512 | Q231: 115 | R231: 1
A232: QJAGU76 | B232: Jagung Q-235 10 X 1 Kg | C232: Pack | D232: Gdg. Induk | E232: Benih Jagung | F232: Benih | G232: Jagung Q-235 | H232: 7504 | I232: 1905 | J232: 37/10 | K232: 45266 | L232: 45520 | M232: Benih Jagung | O232: Pare Hokian 12 X 15 X 10 gr | P232: 45627 | Q232: 164092339 | R232: 20
A233: QKANG07 | B233: Kangkung Bisi 20 X 1 kg | C233: Pack | D233: Gdg. Induk | E233: Benih Horti | F233: Benih Kangkung | G233: Kangkung Bisi | H233: 1223 | I233: 3 | J233: 114113 | K233: 45272 | L233: 45809 | M233: Benih Horti | O233: Pare Hokian 12 X 15 X 10 gr | P233: 45632 | Q233: 164112344 | R233: 44
A234: QKANG07 | B234: Kangkung Bisi 20 X 1 kg | C234: Pack | D234: Gdg. Induk | E234: Benih Horti | F234: Benih Kangkung | G234: Kangkung Bisi | H234: 1223 | I234: 1220 | J234: 9280 | K234: 45428 | L234: 45931 | M234: Benih Horti | O234: Pare Hokian 12 X 15 X 10 gr | P234: 45649 | Q234: 1642310198 | R234: 48
A235: QKANG11 | B235: Kangkung Dampit 20 X 1 kg | C235: Pack | D235: Gdg. Induk | E235: Benih Horti | F235: Benih Kangkung | G235: Kangkung Dampit | H235: 40 | I235: 20 | J235: 112072306 | K235: 45168 | L235: 45674 | M235: Horti | O235: Pare Hokian 12 X 15 X 10 gr | P235: 45627 | Q235: 1642307128 | R235: 49
A236: QKANG11 | B236: Kangkung Dampit 20 X 1 kg | C236: Pack | D236: Gdg. Induk | E236: Benih Horti | F236: Benih Kangkung | G236: Kangkung Dampit | H236: 40 | I236: 20 | J236: 112112209 | K236: 45299 | L236: 45779 | M236: Horti | O236: Pare Hokian 12 X 15 X 10 gr | P236: 45631 | Q236: 164112343 | R236: 56
A237: QKANG10 | B237: Kangkung Dampit 40 X 500 gr | C237: Pack | D237: Gdg. Induk | E237: Benih Horti | F237: Benih Kangkung | G237: Kangkung Dampit | H237: 400 | I237: 400 | J237: 112112209 | K237: 45099 | L237: 45605 | M237: Benih | O237: Pare Hokian 12 X 15 X 10 gr | P237: 45607 | Q237: 164230565 | R237: 64
A238: QKUBI07 | B238: Kubis Grand 11-20 X 12 X 15 gr | C238: Pack | D238: Gdg. Induk | E238: Benih Horti | F238: Benih Kubis | G238: Kubis Grand 11 | H238: 240 | I238: 240 | J238: 11-418046 | K238: 45462 | L238: 45809 | M238: Benih Horti | O238: Pare Hokian 12 X 15 X 10 gr | P238: 45616 | Q238: 1642309159 | R238: 75
...

Sheet barang
A1: INVENTOR.DESCRIPTION | B1: INVENTOR.KODE | C1: INVENTOR.PANJANG | D1: INVENTOR.LEBAR | E1: INVENTOR.TINGGI | F1: INVENTOR.BERAT | G1: INVENTOR.KUBIKASI | H1: UNIT.UNIT
A2: Abacell 18 EC 10 X 1 ltr | B2: QABAC01 | C2: 10 | D2: 1 | E2: 1 | F2: 1253 | G2: 0.0018722 | H2: Btl
A3: Abacell 18 EC 100 X 100 ml (tdk terpakai) | B3: QABAC02 | C3: 100 | D3: 1 | E3: 1 | F3: 70.6 | G3: 0.00014931 | H3: Btl
A4: Abacell 18 EC 20 X 500 ml | B4: QABAC03 | C4: 20 | D4: 1 | E4: 1 | F4: 645.5 | G4: 0.0010695 | H4: Btl
A5: Abacell 18 EC 40 X 250 ml | B5: QABAC04 | C5: 40 | D5: 1 | E5: 1 | F5: 340.25 | G5: 0.0005957 | H5: Btl
A6: Abacell 18 EC 50 X 100 ml | B6: QABAC07 | C6: 50 | D6: 1 | E6: 1 | F6: 139.4 | G6: 0.000258375 | H6: Btl
A7: Abacyper 30/125 EC 24 X 200 ml | B7: QABAC06 | C7: 24 | D7: 1 | E7: 1 | F7: 266.25 | G7: 0.000836 | H7: Btl
A8: Abacyper 30/125 EC 48 X 100 ml | B8: QABAC05 | C8: 48 | D8: 1 | E8: 1 | F8: 136.45833 | G8: 0.000328 | H8: Btl
A9: Abado 50 WP 20 X 20 X 10 gr | B9: QABAD02 | C9: 20 | D9: 20 | E9: 1 | F9: 16.3 | G9: 8.55e-05 | H9: Pack
A10: Abado 50 WP 20 X 6 X 40 gr | B10: QABAD01 | C10: 20 | D10: 6 | E10: 1 | F10: 60.8 | G10: 0.0003844 | H10: Pack
A11: Abastar 290 SC 40 X 250 ml | B11: QABAS02 | C11: 40 | D11: 1 | E11: 1 | F11: 350 | G11: 0.0006383 | H11: Btl
A12: Abastar 290 SC 50 X 100 ml | B12: QABAS01 | C12: 50 | D12: 1 | E12: 1 | F12: 0 | G12: 0 | H12: Btl
A13: Abenz 22 EC 100 X 100 ml | B13: QABEN01 | C13: 100 | D13: 1 | E13: 1 | F13: 126 | G13: 0.000344 | H13: Btl
... A4182: Tabung Pompa Komplit 14 ltr | B4182: ATABU01 | C4182: 1 | D4182: 1 | E4182: 1 | F4182: 0 | G4182: 0 | H4182: Pcs

Sheet pending
A2: Tgl Faktur | B2: No. Faktur | C2: Code Cust. | D2: Code Brg | E2: Nama Barang | F2: Qty | G2: Sat | H2: Trx | I2: Batch | J2: Expired Date | K2: validas
A3: 45464 | B3: D24007614 | C3: PRIM03 | D3: QJAGU03 | E3: Jagung Bisi 18 20 X 1 kg | F3: 2000 | G3: Pack | H3: SJ | I3: 3095HBS18 | J3: 45574 | K3: Benih Jagung
A4: 44645 | B4: D22002298 | C4: KARI09 | D4: QGEMB01 | E4: Gembor GL-10A 12 X 10 ltr | F4: 4 | G4: Pcs | H4: SJ | I4: 0,00E+00 | J4: 01/01/1000 | K4: #N/A
A5: 45464 | B5: B24007456 | C5: BUKI01 | D5: QJAGU04 | E5: Jagung Bisi 2 20 X 1 kg | F5: 100 | G5: Pack | H5: SJ | I5: 2305HBS2 | J5: 45773 | K5: Benih Jagung
A6: 44930 | B6: D23000060A | C6: MITR54 | D6: QSPRA42 | E6: Sprayer Elektrik Bonanza 13.7 ltr | F6: 7 | G6: Pcs | H6: SJ | I6: 0,00E+00 | J6: 01/01/1000 | K6: #N/A
A7: 45461 | B7: D24007379 | C7: MUNA01 | D7: QJAGU72 | E7: Jagung Bisi 321 20 X 1 kg (+Kaos) | F7: 140 | G7: Pack | H7: SJ | I7: 2381HBS321 | J7: 45798 | K7: Benih Jagung
A8: 45462 | B8: D24007473 | C8: TANI49 | D8: QJAGU72 | E8: Jagung Bisi 321 20 X 1 kg (+Kaos) | F8: 40 | G8: Pack | H8: SJ | I8: 2381HBS321 | J8: 45798 | K8: Benih Jagung
A9: 45462 | B9: B24007380 | C9: BERK18 | D9: QJAGU68 | E9: Jagung DK 771 20 X 1 kg (Bayer) | F9: 40 | G9: Pack | H9: SJ | I9: 9CFA012099 | J9: 45543 | K9: Benih Jagung
A10: 45462 | B10: D24007473 | C10: TANI49 | D10: QJAGU68 | E10: Jagung DK 771 20 X 1 kg (Bayer) | F10: 300 | G10: Pack | H10: SJ | I10: 9CFA012099 | J10: 45543 | K10: Benih Jagung
A11: 45464 | B11: D24007589 | C11: SUBU01 | D11: QJAGU68 | E11: Jagung DK 771 20 X 1 kg (Bayer) | F11: 500 | G11: Pack | H11: SJ | I11: 9CFA013003 | J11: 45582 | K11: Benih Jagung
A12: 45432 | B12: Z24000995 | C12: KARI09 | D12: QPRIM25 | E12: Prima-Clink 50 X 100 ml (sampel) | F12: 65 | G12: Btl | H12: SJ | I12: 570.012.000.000.000.000 | J12: 47239 | K12: #N/A
A13: 45462 | B13: D24007477 | C13: SUBU01 | D13: QJAGU58 | E13: Jagung NK 7202 20 X 1 kg | F13: 500 | G13: Pack | H13: SJ | I13: 19046175 | J13: 45666 | K13: Benih Jagung
A14: 45464 | B14: D24007575 | C14: SINA27 | D14: QJAGU58 | E14: Jagung NK 7202 20 X 1 kg | F14: 1140 | G14: Pack | H14: SJ | I14: 19046175 | J14: 45666 | K14: Benih Jagung
A15: 45462 | B15: B24007380 | C15: BERK18 | D15: QJAGU70 | E15: Jagung P27 Gajah 20 X 1 kg | F15: 40 | G15: Pack | H15: SJ | I15: 007CKMAFDNDC055 | J15: 45641 | K15: Benih Jagung
A16: 45464 | B16: B24007485 | C16: MUHA31 | D16: QJAGU70 | E16: Jagung P27 Gajah 20 X 1 kg | F16: 200 | G16: Pack | H16: SJ | I16: 007CKMAFDNDC055 | J16: 45641 | K16: Benih Jagung
A17: 45461 | B17: B24007329 | C17: TANI259 | D17: QABAC01 | E17: Abacell 18 EC 10 X 1 ltr | F17: 10 | G17: Btl | H17: SJ | I17: 1,01E+07 | J17: 46204 | K17: Obat
A18: 45462 | B18: D24007481 | C18: KARY02 | D18: QABAC01 | E18: Abacell 18 EC 10 X 1 ltr | F18: 100 | G18: Btl | H18: SJ | I18: 1,01E+07 | J18: 46204 | K18: Obat
A19: 45457 | B19: D24007297 | C19: PERT10 | D19: QNOXO10 | E19: Noxone 276 SL 20 X 1 ltr | F19: 40 | G19: Btl | H19: SJ | I19: P0823I0801 | J19: 46997 | K19: #N/A
A20: 45463 | B20: B24007439 | C20: LANG01 | D20: QABAC01 | E20: Abacell 18 EC 10 X 1 ltr | F20: 9 | G20: Btl | H20: SJ | I20: 1,01E+07 | J20: 46204 | K20: Obat
A21: 45463 | B21: D24007522 | C21: LANG01 | D21: QABAC01 | E21: Abacell 18 EC 10 X 1 ltr | F21: 140 | G21: Btl | H21: SJ | I21: 1,01E+07 | J21: 46204 | K21: Obat
A22: 45461 | B22: B24007329 | C22: TANI259 | D22: QABAC04 | E22: Abacell 18 EC 40 X 250 ml | F22: 40 | G22: Btl | H22: SJ | I22: 5,12E+06 | J22: 46357 | K22: Obat
A23: 45463 | B23: B24007439 | C23: LANG01 | D23: QABAC04 | E23: Abacell 18 EC 40 X 250 ml | F23: 40 | G23: Btl | H23: SJ | I23: 5,12E+06 | J23: 46357 | K23: Obat
A24: 45463 | B24: D24007522 | C24: LANG01 | D24: QABAC04 | E24: Abacell 18 EC 40 X 250 ml | F24: 120 | G24: Btl | H24: SJ | I24: 5,12E+06 | J24: 46357 | K24: Obat
A25: 45464 | B25: B24007466 | C25: HART04 | D25: QABAC04 | E25: Abacell 18 EC 40 X 250 ml | F25: 5 | G25: Btl | H25: SJ | I25: 5,12E+06 | J25: 46357 | K25: Obat
A26: 45464 | B26: D24007613 | C26: SUBK01 | D26: QABAC04 | E26: Abacell 18 EC 40 X 250 ml | F26: 80 | G26: Btl | H26: SJ | I26: 5,12E+06 | J26: 46357 | K26: Obat
A27: 45465 | B27: B24007501 | C27: ARTH04 | D27: QABAC04 | E27: Abacell 18 EC 40 X 250 ml | F27: 80 | G27: Btl | H27: SJ | I27: 5,12E+06 | J27: 46357 | K27: Obat
A28: 45464 | B28: D24007613 | C28: SUBK01 | D28: QABAC07 | E28: Abacell 18 EC 50 X 100 ml | F28: 100 | G28: Btl | H28: SJ | I28: 3,00E+07 | J28: 46082 | K28: Obat
A29: 45458 | B29: D24007355 | C29: TANI57 | D29: QABEN01 | E29: Abenz 22 EC 100 X 100 ml | F29: 500 | G29: Btl | H29: SJ | I29: ADV0710180723 | J29: 46935 | K29: Obat
A30: 45458 | B30: D24007355 | C30: TANI57 | D30: QABEN02 | E30: Abenz 22 EC 40 X 250 ml | F30: 200 | G30: Btl | H30: SJ | I30: ADV261V050 | J30: 46997 | K30: Obat
A31: 45462 | B31: B24007356 | C31: SUCI01 | D31: QABEN02 | E31: Abenz 22 EC 40 X 250 ml | F31: 40 | G31: Btl | H31: SJ | I31: ADV261V050 | J31: 46997 | K31: Obat
... A74: 45461 | B74: D24007385 | C74: TANI224 | D74: QAVID01 | E74: Avidor 25 WP 4 X 25 X 100 gr | F74: 100 | G74: Pack | H74: SJ | I74: 4,20E+07 | J74: 47209 | K74: Obat
A75: 45462 | B75: B24007384 | C75: KARI09 | D75: QICEM02 | E75: Icemut 0.25 GR 4 X 25 X 20 gr | F75: 56 | G75: Pack | H75: SJ | I75: 0,00E+00 | J75: 01/01/1000 | K75: #N/A
A76: 45462 | B76: B24007385 | C76: KARI09 | D76: QICEM02 | E76: Icemut 0.25 GR 4 X 25 X 20 gr | F76: 400 | G76: Pack | H76: SJ | I76: 0,00E+00 | J76: 01/01/1000 | K76: #N/A
A77: 45462 | B77: B24007386 | C77: KARI09 | D77: QICEM02 | E77: Icemut 0.25 GR 4 X 25 X 20 gr | F77: 400 | G77: Pack | H77: SJ | I77: 0,00E+00 | J77: 01/01/1000 | K77: #N/A
A78: 45462 | B78: B24007387 | C78: KARI09 | D78: QICEM02 | E78: Icemut 0.25 GR 4 X 25 X 20 gr | F78: 400 | G78: Pack | H78: SJ | I78: 0,00E+00 | J78: 01/01/1000 | K78: #N/A
A79: 45462 | B79: B24007388 | C79: KARI09 | D79: QICEM02 | E79: Icemut 0.25 GR 4 X 25 X 20 gr | F79: 400 | G79: Pack | H79: SJ | I79: 0,00E+00 | J79: 01/01/1000 | K79: #N/A
A80: 45462 | B80: B24007383 | C80: KARI09 | D80: QICEM01 | E80: Icemut 0.25 GR 5 X 108 X 20 gr | F80: 186 | G80: Pack | H80: SJ | I80: 0,00E+00 | J80: 01/01/1000 | K80: #N/A
A81: 45462 | B81: B24007384 | C81: KARI09 | D81: QICEM01 | E81: Icemut 0.25 GR 5 X 108 X 20 gr | F81: 131 | G81: Pack | H81: SJ | I81: 0 | J81: 01/01/1000 | K81: #N/A
A82: 45464 | B82: B24007493 | C82: SARA06 | D82: QAVID01 | E82: Avidor 25 WP 4 X 25 X 100 gr | F82: 500 | G82: Pack | H82: SJ | I82: 42.024.001 | J82: 47209 | K82: Obat
A83: 45461 | B83: D24007385 | C83: TANI224 | D83: QBAME01 | E83: Bamex 18 EC 100 X 50 ml (M2U) | F83: 25 | G83: Btl | H83: SJ | I83: 12163201 | J83: 46204 | K83: Obat
A84: 45461 | B84: D24007388 | C84: SUMB208 | D84: QBASG01 | E84: Basgent 55 SC 100 X 50 ml | F84: 100 | G84: Btl | H84: SJ | I84: BSN2311150 | J84: 47058 | K84: Obat
A85: 45464 | B85: B24007468 | C85: SUMB96 | D85: QBASG02 | E85: Basgent 55 SC 50 X 100 ml | F85: 10 | G85: Btl | H85: SJ | I85: BSN231120100 | J85: 47058 | K85: Obat
A86: 45464 | B86: B24007466 | C86: HART04 | D86: QBASG03 | E86: Basgent 55 SC 50 X 250 ml | F86: 5 | G86: Btl | H86: SJ | I86: BSN230908250 | J86: 46997 | K86: Obat
A87: 45461 | B87: B24007329 | C87: TANI259 | D87: QBELL01 | E87: Bellator 265 SC 20 X 100 ml | F87: 40 | G87: Btl | H87: SJ | I87: 20.221.015 | J87: 45931 | K87: Obat
A88: 45464 | B88: D24007607 | C88: INTI02 | D88: QBION02 | E88: Bionik 400 EC 20 X 500 ml | F88: 100 | G88: Btl | H88: SJ | I88: 40.222.999 | J88: 47209 | K88: Obat
A89: 45462 | B89: B24007381 | C89: SUGE04 | D89: QBION03 | E89: Bionik 400 EC 50 X 100 ml | F89: 500 | G89: Btl | H89: SJ | I89: 4,02E+07 | J89: 47209 | K89: Obat
A90: 45464 | B90: B24007459 | C90: MITR63 | D90: QBION03 | E90: Bionik 400 EC 50 X 100 ml | F90: 50 | G90: Btl | H90: SJ | I90: 4,02E+07 | J90: 47209 | K90: Obat
A91: 45462 | B91: B24007381 | C91: SUGE04 | D91: QBRAP01 | E91: Braphon 488 SL 50 X 100 ml | F91: 500 | G91: Btl | H91: SJ | I91: F040923L | J91: 46997 | K91: Obat
A92: 45463 | B92: B24007396 | C92: ADAM02 | D92: QBRAS02 | E92: Brasso 250 EC 20 X 400 ml | F92: 20 | G92: Btl | H92: SJ | I92: 6.049 | J92: 46784 | K92: Obat
A93: 45461 | B93: B24007307 | C93: TAWA01 | D93: QBRAV04 | E93: Bravoxone 276 SL 20 X 1 ltr (Label Kuda) | F93: 60 | G93: Btl | H93: SJ | I93: 3,10E+07 | J93: 47027 | K93: Obat
A94: 45462 | B94: D24007458 | C94: SUMB193 | D94: QNOXO10 | E94: Noxone 276 SL 20 X 1 ltr | F94: 100 | G94: Btl | H94: SJ | I94: P0824E1601 | J94: 47239 | K94: #N/A
A95: 45463 | B95: B24007441 | C95: KARY02 | D95: QCALA01 | E95: Calaris 550 SC 10 X 1 ltr | F95: 150 | G95: Btl | H95: SJ | I95: JAK3I090CX | J95: 45901 | K95: Obat
A96: 45461 | B96: D24007363 | C96: SUMB05 | D96: QCALA02 | E96: Calaris 550 SC 20 X 250 ml | F96: 20 | G96: Btl | H96: SJ | I96: SRG3B018CX | J96: 46054 | K96: Obat
A97: 45463 | B97: B24007442 | C97: KARY02 | D97: QCALA02 | E97: Calaris 550 SC 20 X 250 ml | F97: 300 | G97: Btl | H97: SJ | I97: SRG3B018CX | J97: 46054 | K97: Obat
A98: 45464 | B98: B24007481 | C98: PEMU01 | D98: QCALA02 | E98: Calaris 550 SC 20 X 250 ml | F98: 300 | G98: Btl | H98: SJ | I98: SRG3B018CX | J98: 46054 | K98: Obat
A99: 45461 | B99: D24007363 | C99: SUMB05 | D99: QCALA03 | E99: Calaris 550 SC 20 X 500 ml | F99: 20 | G99: Btl | H99: SJ | I99: SRG31081CX | J99: 45901 | K99: Obat
A100: 45463 | B100: B24007442 | C100: KARY02 | D100: QCALA03 | E100: Calaris 550 SC 20 X 500 ml | F100: 300 | G100: Btl | H100: SJ | I100: JAK3I077CX | J100: 45901 | K100: Obat
A101: 45463 | B101: D24007545 | C101: INDA08 | D101: QCAST01 | E101: Castora 40 SP 10 X 10 X 100 gr | F101: 100 | G101: Pack | H101: SJ | I101: 2,20E+05 | J101: 46569 | K101: Obat
A102: 45464 | B102: B24007496 | C102: LEST16 | D102: QCAST01 | E102: Castora 40 SP 10 X 10 X 100 gr | F102: 20 | G102: Pack | H102: SJ | I102: 2,20E+05 | J102: 46569 | K102: Obat
A103: 45463 | B103: D24007545 | C103: INDA08 | D103: QCAST04 | E103: Castora 40 SP 8 X 50 X 15 gr | F103: 100 | G103: Pack | H103: SJ | I103: 2,20E+05 | J103: 46600 | K103: Obat
A104: 45464 | B104: T24000695 | C104: KLIN02 | D104: QCONT01 | E104: Contac Nil 75 WP 16 X 500 gr | F104: 16 | G104: Pack | H104: SJ | I104: CL273N305NS | J104: 46661 | K104: Obat
A105: 45464 | B105: T24000693 | C105: BUMI16 | D105: QCORI01 | E105: Corida 50 SC 40 X 250 ml | F105: 40 | G105: Btl | H105: SJ | I105: 2,31E+07 | J105: 47058 | K105: Obat
A106: 45463 | B106: B24007441 | C106: KARY02 | D106: QCURA01 | E106: Curacron 500 EC 20 X 500 ml | F106: 60 | G106: Btl | H106: SJ | I106: SRG4D02038 | J106: 45748 | K106: Obat
... A112: 45464 | B112: B24007497 | C112: LEST16 | D112: QCURA02 | E112: Curacron 500 EC 40 X 250 ml | F112: 10 | G112: Btl | H112: SJ | I112: JAK4C06030 | J112: 45689 | K112: Obat
A113: 45462 | B113: B24007372 | C113: SUGE04 | D113: QCURA04 | E113: Curaterr 3 GR 10 X 2 kg | F113: 500 | G113: Pack | H113: SJ | I113: 181.728 | J113: 46388 | K113: Obat
A114: 45463 | B114: B24007406 | C114: SRIW03 | D114: QDECI01 | E114: Decis 2.5 EC 100 X 100 ml | F114: 100 | G114: Btl | H114: SJ | I114: PI41003545 | J114: 46844 | K114: Obat
A115: 45461 | B115: D24007363 | C115: SUMB05 | D115: QDECI02 | E115: Decis 2.5 EC 100 X 50 ml | F115: 500 | G115: Btl | H115: SJ | I115: PI42003004 | J115: 46874 | K115: Obat
A116: 45463 | B116: B24007406 | C116: SRIW03 | D116: QDECI02 | E116: Decis 2.5 EC 100 X 50 ml | F116: 100 | G116: Btl | H116: SJ | I116: PI42003004 | J116: 46874 | K116: Obat
A117: 45464 | B117: B24007463 | C117: INSA01 | D117: QDECI02 | E117: Decis 2.5 EC 100 X 50 ml | F117: 200 | G117: Btl | H117: SJ | I117: PI42003004 | J117: 46874 | K117: Obat
A118: 45464 | B118: B24007472 | C118: BIMO02 | D118: QDECI02 | E118: Decis 2.5 EC 100 X 50 ml | F118: 200 | G118: Btl | H118: SJ | I118: PI42003004 | J118: 46874 | K118: Obat
A119: 45461 | B119: D24007364 | C119: SUMB05 | D119: QDECI05 | E119: Decis 2.5 EC 40 X 250 ml | F119: 40 | G119: Btl | H119: SJ | I119: PI42002946 | J119: 46784 | K119: Obat
A120: 45465 | B120: B24007510 | C120: ILYA01 | D120: QDEKA03 | E120: Dekamon 22.43 L 12 X 1 ltr | F120: 60 | G120: Btl | H120: SJ | I120: BN0357 | J120: 46174 | K120: Obat
A121: 45462 | B121: D24007452 | C121: ADAM02 | D121: QDEKA04 | E121: Dekapirim 400 SC 20 X 500 ml | F121: 7 | G121: Btl | H121: SJ | I121: BN2336 | J121: 46174 | K121: Obat
A122: 45462 | B122: D24007452 | C122: ADAM02 | D122: QDEKT02 | E122: Dektin 30 WG 50 X 50 gr | F122: 10 | G122: Btl | H122: SJ | I122: BN3351 | J122: 46235 | K122: Obat
A123: 45463 | B123: D24007546 | C123: INDA08 | D123: QCABE62 | E123: Cabe Ori 212 10 X 25 X 10 gr | F123: 25 | G123: Pack | H123: SJ | I123: 82.320.100.000.000.000 | J123: 45812 | K123: Benih Horti
A124: 45464 | B124: D24007583 | C124: GUNA02 | D124: QDESA02 | E124: Desanto 200 SL 40 X 250 ml | F124: 80 | G124: Btl | H124: SJ | I124: NISL2304525 | J124: 46935 | K124: Obat
A125: 45465 | B125: D24007627 | C125: EKAJ01 | D125: QDESA02 | E125: Desanto 200 SL 40 X 250 ml | F125: 160 | G125: Btl | H125: SJ | I125: NISL2304525 | J125: 46935 | K125: Obat
... A131: 45464 | B131: B24007496 | C131: LEST16 | D131: QEMAC05 | E131: Emacel 30 EC 40 X 250 ml | F131: 5 | G131: Btl | H131: SJ | I131: 2,01E+07 | J131: 46235 | K131: Obat
A132: 45465 | B132: D24007628 | C132: RADE01 | D132: QEMAC05 | E132: Emacel 30 EC 40 X 250 ml | F132: 15 | G132: Btl | H132: SJ | I132: 20082023 | J132: 46235 | K132: Obat
A133: 45465 | B133: B24007504 | C133: AGRO51 | D133: QEMAC05 | E133: Emacel 30 EC 40 X 250 ml | F133: 40 | G133: Btl | H133: SJ | I133: 2,01E+07 | J133: 46235 | K133: Obat
A134: 45462 | B134: B24007350 | C134: EKAJ01 | D134: QEMAC01 | E134: Emacel 30 EC 50 X 100 ml | F134: 250 | G134: Btl | H134: SJ | I134: 15092023 | J134: 46266 | K134: Obat
A135: 45464 | B135: B24007496 | C135: LEST16 | D135: QEMAC01 | E135: Emacel 30 EC 50 X 100 ml | F135: 10 | G135: Btl | H135: SJ | I135: 15.092.023 | J135: 46266 | K135: Obat
A136: 45465 | B136: B24007504 | C136: AGRO51 | D136: QEMAC01 | E136: Emacel 30 EC 50 X 100 ml | F136: 20 | G136: Btl | H136: SJ | I136: 1,51E+07 | J136: 46266 | K136: Obat
A137: 45464 | B137: B24007487 | C137: SEKA01 | D137: QETHR02 | E137: Ethrel 480 SL 100 X 100 ml | F137: 100 | G137: Pcs | H137: SJ | I137: PI41003170 | J137: 46539 | K137: Obat
A138: 45464 | B138: B24007481 | C138: PEMU01 | D138: QFILI01 | E138: Filia 525 SE 100 X 50 ml | F138: 500 | G138: Btl | H138: SJ | I138: JAK3B120XX | J138: 46054 | K138: Obat
A139: 45462 | B139: D24007434 | C139: INTI02 | D139: QFILI02 | E139: Filia 525 SE 20 X 250 ml | F139: 100 | G139: Btl | H139: SJ | I139: JAK3K004FX | J139: 46327 | K139: Obat
A140: 45463 | B140: D24007552 | C140: BERK36 | D140: QFILI02 | E140: Filia 525 SE 20 X 250 ml | F140: 1200 | G140: Btl | H140: SJ | I140: JAK3K004FX | J140: 46327 | K140: Obat
A141: 45464 | B141: B24007481 | C141: PEMU01 | D141: QFILI02 | E141: Filia 525 SE 20 X 250 ml | F141: 260 | G141: Btl | H141: SJ | I141: JAK3K004FX | J141: 46327 | K141: Obat
A142: 45463 | B142: B24007405 | C142: MEKA15 | D142: QJAGU64 | E142: Jagung Manis Exsotic 40 X 250 gr | F142: 80 | G142: Pack | H142: SJ | I142: 3.240.829 | J142: 45710 | K142: Benih Horti
A143: 45464 | B143: D24007612 | C143: HIKM01 | D143: QFILI02 | E143: Filia 525 SE 20 X 250 ml | F143: 400 | G143: Btl | H143: SJ | I143: JAK3K004FX | J143: 46327 | K143: Obat
A144: 45465 | B144: B24007501 | C144: ARTH04 | D144: QFOLI04 | E144: Folirfos 400 SL 15 X 1 ltr | F144: 30 | G144: Btl | H144: SJ | I144: 22.207 | J144: 47058 | K144: Obat
A145: 45463 | B145: D24007530 | C145: SUMB36 | D145: QGIBG04 | E145: Gibgro 20 T 25 X 10 X 5 gr | F145: 250 | G145: Pack | H145: SJ | I145: 2,41E+06 | J145: 47239 | K145: Obat
A146: 45461 | B146: D24007363 | C146: SUMB05 | D146: QGOAL02 | E146: Goal 240 EC 50 X 100 ml | F146: 50 | G146: Btl | H146: SJ | I146: 4,13E+16 | J146: 47150 | K146: Obat
A147: 45462 | B147: B24007382 | C147: SUGE04 | D147: QGOAL02 | E147: Goal 240 EC 50 X 100 ml | F147: 250 | G147: Btl | H147: SJ | I147: 4,13E+16 | J147: 47150 | K147: Obat
A148: 45464 | B148: D24007584 | C148: KARY03 | D148: QGOAL02 | E148: Goal 240 EC 50 X 100 ml | F148: 500 | G148: Btl | H148: SJ | I148: 4,13E+16 | J148: 47150 | K148: Obat
A149: 45461 | B149: T24000684 | C149: TANI224 | D149: QIJOK01 | E149: Ijokabe 12 X 25 X 20 ml | F149: 125 | G149: Btl | H149: SJ | I149: ANT00042 | J149: 46692 | K149: Obat
A150: 45462 | B150: B24007368 | C150: ABIT01 | D150: QINSU01 | E150: Insure Max 510 FS 100 X 25 ml | F150: 100 | G150: Btl | H150: SJ | I150: 242LQ02002 | J150: 46419 | K150: Obat
A151: 45457 | B151: D24007317 | C151: JOKO12 | D151: QJAPR06 | E151: Japra 400 SE 30 X 500 ml (M2U)+2 pcs Borer | F151: 150 | G151: Btl | H151: SJ | I151: 1,02E+07 | J151: 46235 | K151: Obat
A152: 45464 | B152: D24007597 | C152: FAST07 | D152: QKALI09 | E152: Kaliandra 482 EC 10 X 1 ltr (AGM) | F152: 20 | G152: Btl | H152: SJ | I152: 20472Y7017 | J152: 47178 | K152: Obat
A153: 45464 | B153: B24007496 | C153: LEST16 | D153: QLANC01 | E153: Lancer Gold 55 WG 100 X 100 gr | F153: 20 | G153: Pack | H153: SJ | I153: HUJLG55002 | J153: 45870 | K153: Obat
...

Sheet Sheet2
D2: Gembor GL-10A 12 X 10 ltr | E2: 01/01/1000
D3: Icemut 0.25 GR 4 X 25 X 20 gr | E3: 01/01/1000
D4: Icemut 0.25 GR 5 X 108 X 20 gr | E4: 01/01/1000
D5: Noxone 276 SL 20 X 1 ltr | E5: 46997
D6: Noxone 276 SL 20 X 1 ltr | E6: 47239
D7: Prima-Clink 50 X 100 ml (sampel) | E7: 47239
D8: Sprayer Elektrik Bonanza 13.7 ltr | E8: 01/01/1000
D9: ZA Pak Tani 50 kg | E9: 46447

Sheet Sheet1
B2: Jagung Bisi 18 20 X 1 kg | C2: 45574 | D2: 2000 | F2: Jagung Bisi 18 20 X 1 kg | G2: 45574 | H2: =SUMIFS(D2:D330,B2:B330,F2,C2:C330,G2) -> 2000
B3: Jagung Bisi 2 20 X 1 kg | C3: 45773 | D3: 100 | F3: Jagung Bisi 2 20 X 1 kg | G3: 45773 | H3: =SUMIFS(D3:D331,B3:B331,F3,C3:C331,G3) -> 100
B4: Jagung Bisi 321 20 X 1 kg (+Kaos) | C4: 45798 | D4: 140 | F4: Jagung Bisi 321 20 X 1 kg (+Kaos) | G4: 45798 | H4: =SUMIFS(D4:D332,B4:B332,F4,C4:C332,G4) -> 180
B5: Jagung Bisi 321 20 X 1 kg (+Kaos) | C5: 45798 | D5: 40 | F5: Jagung DK 771 20 X 1 kg (Bayer) | G5: 45543 | H5: =SUMIFS(D5:D333,B5:B333,F5,C5:C333,G5) -> 340
B6: Jagung DK 771 20 X 1 kg (Bayer) | C6: 45543 | D6: 40 | F6: Jagung DK 771 20 X 1 kg (Bayer) | G6: 45582 | H6: =SUMIFS(D6:D334,B6:B334,F6,C6:C334,G6) -> 500
B7: Jagung DK 771 20 X 1 kg (Bayer) | C7: 45543 | D7: 300 | F7: Jagung NK 7202 20 X 1 kg | G7: 45666 | H7: =SUMIFS(D7:D335,B7:B335,F7,C7:C335,G7) -> 1640
B8: Jagung DK 771 20 X 1 kg (Bayer) | C8: 45582 | D8: 500 | F8: Jagung P27 Gajah 20 X 1 kg | G8: 45641 | H8: =SUMIFS(D8:D336,B8:B336,F8,C8:C336,G8) -> 240
B9: Jagung NK 7202 20 X 1 kg | C9: 45666 | D9: 500 | F9: Abacell 18 EC 10 X 1 ltr | G9: 46204 | H9: =SUMIFS(D9:D337,B9:B337,F9,C9:C337,G9) -> 259
B10: Jagung NK 7202 20 X 1 kg | C10: 45666 | D10: 1140 | F10: Abacell 18 EC 40 X 250 ml | G10: 46357 | H10: =SUMIFS(D10:D338,B10:B338,F10,C10:C338,G10) -> 365
B11: Jagung P27 Gajah 20 X 1 kg | C11: 45641 | D11: 40 | F11: Abacell 18 EC 50 X 100 ml | G11: 46082 | H11: =SUMIFS(D11:D339,B11:B339,F11,C11:C339,G11) -> 100
B12: Jagung P27 Gajah 20 X 1 kg | C12: 45641 | D12: 200 | F12: Abenz 22 EC 100 X 100 ml | G12: 46935 | H12: =SUMIFS(D12:D340,B12:B340,F12,C12:C340,G12) -> 500
B13: Abacell 18 EC 10 X 1 ltr | C13: 46204 | D13: 10 | F13: Abenz 22 EC 40 X 250 ml | G13: 46997 | H13: =SUMIFS(D13:D341,B13:B341,F13,C13:C341,G13) -> 240
... B183: Plenum 50 WG 12 X 10 X 25 gr | C183: 45992 | D183: 15 | F183: Qiuonol 400 SL 42 x 50 ml (Sample) | G183: 45992 | H183: =SUMIFS(D183:D511,B183:B511,F183,C183:C511,G183) -> 122
B184: Plenum 50 WG 12 X 10 X 25 gr | C184: 45992 | D184: 2400 | F184: Alat Kocor Pupuk Cair Quda Karisma | G184: 1/1/1000 | H184: =SUMIFS(D184:D512,B184:B512,F184,C184:C512,G184) -> 3
B185: Plenum 50 WG 50 X 100 gr | C185: 45778 | D185: 20 | F185: Alat Kocor Pupuk Padat Quda Karisma | G185: 1/1/1000 | H185: =SUMIFS(D185:D513,B185:B513,F185,C185:C513,G185) -> 3
B186: Plenum 50 WG 50 X 100 gr | C186: 45778 | D186: 15 | F186: Alat Pengikat Tanaman Yoto | G186: 1/1/1000 | H186: =SUMIFS(D186:D514,B186:B514,F186,C186:C514,G186) -> 2
B187: Power Grow 20 X 1 ltr | C187: 46753 | D187: 100 | F187: Gunting Gland 8" Bypass Pruner ,05-203 10 X 10 X 1 pcs | G187: 1/1/1000 | H187: =SUMIFS(D187:D515,B187:B515,F187,C187:C515,G187) -> 10
B188: Proclaim 5 SG 4 X 20 X 25 gr | C188: 46266 | D188: 80 | F188: Mulsa Coboy 60 cm X 1 kg | G188: 1/1/1000 | H188: =SUMIFS(D188:D516,B188:B516,F188,C188:C516,G188) -> 25
B189: Qiuasri Jeruk 20 X 1 ltr | C189: 46419 | D189: 20 | F189: Mulsa Karisma Q989 60 cm X 8 kg (Roll) | G189: 1/1/1000 | H189: =SUMIFS(D189:D517,B189:B517,F189,C189:C517,G189) -> 6
B190: Qiudor 100 X 100 gr | C190: 46874 | D190: 200 | F190: Mulsa Ori Gajah 0.3 50 cm X 18 kg (Roll) | G190: 1/1/1000 | H190: =SUMIFS(D190:D518,B190:B518,F190,C190:C518,G190) -> 25
B191: Qiumex 36 EC 10 X 1 ltr | C191: 47209 | D191: 100 | F191: Sprayer Apung Hokita | G191: 1/1/1000 | H191: =SUMIFS(D191:D519,B191:B519,F191,C191:C519,G191) -> 1
B192: Qiumex 36 EC 100 X 100 ml | C192: 47239 | D192: 200 | F192: Sprayer Elektrik Joeragan 16 L Battery | G192: 1/1/1000 | H192: =SUMIFS(D192:D520,B192:B520,F192,C192:C520,G192) -> 41
B193: Qiunil 40 X 500 gr | C193: 45566 | D193: 40 | F193: Sprayer Elektrik Quda Karisma 10 L 1 X 6 pcs | G193: 1/1/1000 | H193: =SUMIFS(D193:D521,B193:B521,F193,C193:C521,G193) -> 2
B194: Qiutane 80 WP 25 X 800 gr Biru | C194: 47027 | D194: 2 | F194: Sprayer Elektrik Quda Karisma 16 ltr | G194: 1/1/1000 | H194: =SUMIFS(D194:D522,B194:B522,F194,C194:C522,G194) -> 217
B195: Qiutane 80 WP 25 X 800 gr Biru | C195: 46357 | D195: 8 | F195: Sprayer Hokita 30 X 1 ltr | G195: 1/1/1000 | H195: =SUMIFS(D195:D523,B195:B523,F195,C195:C523,G195) -> 5
... B200: Ratgone 0.005 BB 10 X 1 kg | C200: 46174 | D200: 200 | F200: Kaos MIA Trio Dahsyat | G200: 1/1/1000 | H200: =SUMIFS(D200:D528,B200:B528,F200,C200:C528,G200) -> 500
B201: Ratgone 0.005 BB 10 X 1 kg | C201: 46174 | D201: 50
B202: Ratol 80 P 10 X 100 X 10 gr | C202: 45809 | D202: 2000
B203: Reactive 490 SL 20 X 1 ltr | C203: 47058 | D203: 9
B204: Reactive 490 SL 20 X 1 ltr | C204: 47150 | D204: 200
B205: Regent Red 24 X 250 ml | C205: 46143 | D205: 24
B206: Regent Red 48 X 100 ml | C206: 46143 | D206: 48
B207: Regent Red 48 X 100 ml | C207: 46143 | D207: 96
B208: Regent Red 48 X 100 ml | C208: 46143 | D208: 240
B209: Regent Red 48 X 100 ml | C209: 46143 | D209: 720
B210: Regent Red 80 X 50 ml | C210: 46143 | D210: 160
B211: Regent Red 80 X 50 ml | C211: 46143 | D211: 1600
B212: Ridomil Gold MZ 4/64 WG 100 X 100 gr | C212: 45597 | D212: 5
... B303: Qiuonol 400 SL 42 x 50 ml (Sample) | C303: 45992 | D303: 122
B304: Alat Kocor Pupuk Cair Quda Karisma | C304: 1/1/1000 | D304: 1
B305: Alat Kocor Pupuk Cair Quda Karisma | C305: 1/1/1000 | D305: 1
B306: Alat Kocor Pupuk Cair Quda Karisma | C306: 1/1/1000 | D306: 1
B307: Alat Kocor Pupuk Padat Quda Karisma | C307: 1/1/1000 | D307: 3
B308: Alat Pengikat Tanaman Yoto | C308: 1/1/1000 | D308: 2
B309: Gunting Gland 8" Bypass Pruner ,05-203 10 X 10 X 1 pcs | C309: 1/1/1000 | D309: 10
B310: Mulsa Coboy 60 cm X 1 kg | C310: 1/1/1000 | D310: 25
B311: Mulsa Karisma Q989 60 cm X 8 kg (Roll) | C311: 1/1/1000 | D311: 6
B312: Mulsa Ori Gajah 0.3 50 cm X 18 kg (Roll) | C312: 1/1/1000 | D312: 25
B313: Sprayer Apung Hokita | C313: 1/1/1000 | D313: 1
B314: Sprayer Elektrik Joeragan 16 L Battery | C314: 1/1/1000 | D314: 41
B315: Sprayer Elektrik Quda Karisma 10 L 1 X 6 pcs | C315: 1/1/1000 | D315: 1
... B330: Kaos MIA Trio Dahsyat | C330: 1/1/1000 | D330: 200

Sheet Sheet3
B2: Jagung Bisi 18 20 X 1 kg | C2: 45574 | D2: 2000
B3: Jagung Bisi 2 20 X 1 kg | C3: 45773 | D3: 100
B4: Jagung Bisi 321 20 X 1 kg (+Kaos) | C4: 45798 | D4: 180
B5: Jagung DK 771 20 X 1 kg (Bayer) | C5: 45543 | D5: 340
B6: Jagung DK 771 20 X 1 kg (Bayer) | C6: 45582 | D6: 500
B7: Jagung NK 7202 20 X 1 kg | C7: 45666 | D7: 1640
B8: Jagung P27 Gajah 20 X 1 kg | C8: 45641 | D8: 240
B9: Abacell 18 EC 10 X 1 ltr | C9: 46204 | D9: 259
B10: Abacell 18 EC 40 X 250 ml | C10: 46357 | D10: 365
B11: Abacell 18 EC 50 X 100 ml | C11: 46082 | D11: 100
B12: Abenz 22 EC 100 X 100 ml | C12: 46935 | D12: 500
B13: Abenz 22 EC 40 X 250 ml | C13: 46997 | D13: 240
... B183: Qiuonol 400 SL 42 x 50 ml (Sample) | C183: 45992 | D183: 122
B184: Alat Kocor Pupuk Cair Quda Karisma | C184: 1/1/1000 | D184: 3
B185: Alat Kocor Pupuk Padat Quda Karisma | C185: 1/1/1000 | D185: 3
B186: Alat Pengikat Tanaman Yoto | C186: 1/1/1000 | D186: 2
B187: Gunting Gland 8" Bypass Pruner ,05-203 10 X 10 X 1 pcs | C187: 1/1/1000 | D187: 10
B188: Mulsa Coboy 60 cm X 1 kg | C188: 1/1/1000 | D188: 25
B189: Mulsa Karisma Q989 60 cm X 8 kg (Roll) | C189: 1/1/1000 | D189: 6
B190: Mulsa Ori Gajah 0.3 50 cm X 18 kg (Roll) | C190: 1/1/1000 | D190: 25
B191: Sprayer Apung Hokita | C191: 1/1/1000 | D191: 1
B192: Sprayer Elektrik Joeragan 16 L Battery | C192: 1/1/1000 | D192: 41
B193: Sprayer Elektrik Quda Karisma 10 L 1 X 6 pcs | C193: 1/1/1000 | D193: 2
B194: Sprayer Elektrik Quda Karisma 16 ltr | C194: 1/1/1000 | D194: 217
B195: Sprayer Hokita 30 X 1 ltr | C195: 1/1/1000 | D195: 5
... B200: Kaos MIA Trio Dahsyat | C200: 1/1/1000 | D200: 500

Sheet Sheet4
B2: Agil 100 EC 40 X 250 ml | C2: 47150 | D2: 200
B3: Agil 100 EC 40 X 250 ml | C3: 47150 | D3: 40
B4: Agil 100 EC 40 X 250 ml | C4: 47209 | D4: 80
B5: Agil 100 EC 40 X 250 ml | C5: 47209 | D5: 120
B6: Agil 100 EC 40 X 250 ml | C6: 47209 | D6: 40
